id,type,latitude,longitude,date,killedOrWounded,droneCount,killed,wounded,casualtyKnown,titleEN,titleFR,descriptionEN,descriptionFR,sources,imageUrl,imageCaptionEN,imageCaptionFR,videoUrl,videoCaption,department,commune,sectionCommunale,locality,identifiant
1,incident,18.55784607,-72.3303299,2025-03-01,7,2,5,2,TRUE,"5 killed, 2 wounded in Delmas 6","5 tués, 2 blessés à Delmas 6",PNH officers carried out an operation in the area for several hours. They killed at least five suspected criminals and wounded two others. Explosive drones were used by the PNH. The toll of material damage is not yet known.,Des agents de la PNH ont mené une opération dans la zone pendant plusieurs heures. Ils ont tué au moins cinq présumés criminels et blessé deux autres. Des drones explosifs ont été utilisés par la PNH.Le bilan des dégâts matériels n'est pour l'instant pas connu.,,,,,,,Ouest,Delmas,1re Section St Martin,Delmas 6,hti:ee2ffe14
2,incident,18.53722954,-72.35466003,2025-03-02,1,1,0,1,TRUE,1 wounded in Village de Dieu,1 blessé à Village de Dieu,"Officers from several specialised PNH units carried out an attack against the GCO base 5 Segonn. Using a explosive drone, ils have wounded the group's leader while he was organising of the carnival events.","Des agents de plusieurs unités spécialisées de la PNH ont mené une attaque contre la base du GCO 5 Segonn. Utilisant un drone explosif, ils ont blessé le chef de ce groupe alors qu'il organisait des activités carnavalesques.",,,,,,,Ouest,Port-au-Prince,3e Section Martissant,Village de Dieu,hti:8e1897c8
3,incident,18.53722954,-72.35466003,2025-03-07,3,2,3,0,TRUE,3 killed in Village de Dieu,3 tués à Village de Dieu,PNH officers used explosive-laden drones during d'a attaque in the area. At least three members of 5 Segonn were killed. The attackers have carried out of the return fire. The number of people wounded is not yet known. Of the houses were partially destroyed.,Des agents de la PNH ont utilisé des drones porteurs de charges explosives lors d'une attaque dans la zone. Au moins trois membres de 5 Segonn ont été tués. Les assaillants ont opéré des tirs de riposte. Le nombre de personnes blessées n'est pas encore connu. Des maisons ont été partiellement détruites.,,,,,,,Ouest,Port-au-Prince,3e Section Martissant,Village de Dieu,hti:6af6ec4e
4,incident,18.55784607,-72.3303299,2025-03-07,2,2,2,0,TRUE,2 killed in Delmas 6,2 tués à Delmas 6,PNH officers used explosive-laden drones during an operation. At least two members of G9 were shot dead. The members of GCO have carried out of the return fire. Of the houses were partially destroyed.,Des agents de la PNH ont utilisé des drones porteurs de charges explosives lors d'une opération. Au moins deux membres de G9 ont été abattus. Les membres du GCO ont opéré des tirs de riposte. Des maisons ont été partiellement détruites.,,,,,,,Ouest,Delmas,1re Section St Martin,Delmas 6,hti:7a8f6def
5,incident,18.54997063,-72.33616638,2025-03-07,1,2,1,0,TRUE,1 killed in Bel Air,1 tué à Bel Air,PNH officers used explosive-laden drones during an operation in the area. At least a member of GCO of Bel-Air was killed. The members of GCO have carried out of the return fire. Of the houses were partially destroyed.,Des agents de la PNH ont fait usage de drones porteurs de charges explosives lors d'une opération dans la zone. Au moins un membre du GCO de Bel-Air a été tué. Les membres du GCO ont opéré des tirs de riposte. Des maisons ont été partiellement détruites.,,,,,,,Ouest,Port-au-Prince,1re Section Turgeau,Bel Air,hti:8b5f5e5b
6,incident,18.56644249,-72.34699249,2025-03-07,1,2,1,0,TRUE,1 killed in Waaf Jérémie,1 tué à Waaf Jérémie,PNH officers used explosive-laden drones during an operation. At least a member of the criminal group was killed. Of the return fire have been carried outs by the members of this GCO. Houses were partially damaged.,Des agents de la PNH ont utilisé des drones porteurs de charges explosives lors d'une opération. Au moins un membre du groupe criminel a été tué. Des tirs de riposte ont été opérés par les membres de ce GCO. Des maisons ont été partiellement endommagées.,,,,,,,Ouest,Cité Soleil,2e Section des Varreux,Waaf Jérémie,hti:dd54fdc2
7,incident,18.5256958,-72.34008026,2025-03-12,0,2,0,0,FALSE,2 explosive drones in Carrefour-Feuilles,2 drones explosifs à Carrefour-Feuilles,"PNH officers used explosive drones and ouvert the feu on the members of GCO Gran Ravin, who were occupying a neighbourhood. The aim of the operation was of push back the attackers, but the toll n'a pas been released.","Des agents de la PNH ont utilisé des drones explosifs et ouvert le feu sur les membres du GCO Gran Ravin, qui occupaient un quartier. L'objectif de l'opération était de repousser les assaillants, mais le bilan n'a pas été communiqué.",,,,,,,Ouest,Port-au-Prince,1re Section Turgeau,Carrefour-Feuilles,hti:bad8f24e
8,incident,18.53722954,-72.35466003,2025-03-19,0,2,0,0,FALSE,2 explosive drones in Village de Dieu,2 drones explosifs à Village de Dieu,"PNH officers from various specialised units attacked the GCO base 5 Segonn. They also used drones loaded with explosives against the base, but the casualty toll and the material damage of this operation were not reported.","Des agents de la PNH, provenant de différentes unités spécialisées, ont attaqué la base du GCO 5 Segonn. Ils ont également utilisé des drones chargés d'explosifs contre la base, mais le bilan humain et les dommages matériels de cette opération n'ont pas été rapportés.",,,,,,,Ouest,Port-au-Prince,3e Section Martissant,Village de Dieu,hti:1f330d05
9,incident,18.54974365,-72.31231689,2025-03-19,0,1,0,0,FALSE,1 explosive drone in Delmas 30,1 drone explosif à Delmas 30,"PNH officers used a drone explosive-laden and have opened fire to push back the members of GCO who had occupied a neighbourhood for more than a month, but the toll of this operation was not reported.","Des agents de la PNH ont utilisé un drone à charge explosive et ont ouvert le feu pour repousser les membres du GCO qui avaient occupé un quartier depuis plus d'un mois, mais le bilan de cette opération n'a pas été rapporté.",,,,,,,Ouest,Delmas,1re Section St Martin,Delmas 30,hti:64e1daaa
10,incident,18.52639771,-72.35605621,2025-03-19,0,2,0,0,FALSE,2 explosive drones in Grand Ravine,2 drones explosifs à Grand Ravine,"PNH officers carried out an operation against the GCO base Gran Ravin. Of the explosive-laden drones were used, the putting them to flight.","Des membres de la PNH ont mené une opération contre la base du GCO Gran Ravin. Des drones porteurs de charges explosives ont été utilisés, les mettant en fuite.",,,,,,,Ouest,Port-au-Prince,3e Section Martissant,Grand Ravine,hti:7d3783cd
11,incident,18.55917168,-72.34253693,2025-03-23,0,2,0,0,FALSE,2 explosive drones in La Saline,2 drones explosifs à La Saline,Officers from several specialised PNH units attacked and launched drones carrying explosive charges against the GCO base Nan Chabon. Of the members of GCO were killed but the number is not known.,Des agents de plusieurs unités spécialisées de la PNH ont attaqué et lancé des drones portant des charges explosives contre la base du GCO Nan Chabon. Des membres de GCO ont été tués mais le nombre n'est pas connu.,,,,,,,Ouest,Port-au-Prince,1re Section Turgeau,La Saline,hti:1d22227b
12,incident,18.52422714,-72.34825134,2025-03-26,0,4,0,0,FALSE,4 explosive drones in Carrefour Feuilles,4 drones explosifs à Carrefour Feuilles,"Officers from various specialised PNH units, reinforcing a neighbourhood watch brigade, launched at least four explosive-laden drones against members of GCO Gran Ravin. The intervention aimed à push back the attackers who were occupying various places of ce neighbourhood, prompting residents to flee. The casualty toll and the material damage of this attack were not reported.","Des agents des différentes unités spécialisées de la PNH, venus en renfort d'une brigade de vigilance, ont lancé au moins quatre drones à charge explosive contre des membres du GCO Gran Ravin. Cette intervention visait à repousser les assaillants qui occupaient différents endroits de ce quartier, provoquant la fuite des habitants. Le bilan humain et les dommages matériels de cette attaque n'ont pas été rapportés.",,,,,,,Ouest,Port-au-Prince,3e Section Martissant,Carrefour Feuilles,hti:2b33ae7c
13,incident,18.53722954,-72.35466003,2025-03-29,0,2,0,0,FALSE,2 explosive drones in Village de Dieu,2 drones explosifs à Village de Dieu,Officers from various specialised PNH units attacked and launched at least two explosive-laden drones against the GCO base 5 Segonn. The casualty toll and the material damage of this attack were not reported.,Des agents des différentes unités spécialisées de la PNH ont attaqué et lancé au moins deux drones à charge explosive contre la base du GCO 5 Segonn. Le bilan humain et les dégâts matériels de cette attaque n'ont pas été rapportés.,,,,,,,Ouest,Port-au-Prince,3e Section Martissant,Village de Dieu,hti:bc0371f0
14,incident,18.53722954,-72.35466003,2025-04-14,0,6,0,0,FALSE,6 explosive drones in Village de Dieu,6 drones explosifs à Village de Dieu,"PNH officers again launched at least six explosive drones and opened fire toward the GCO base 5 Segonn. The latter, avant of flee, fought back for several hours.","Des agents de la PNH ont à nouveau lancé au moins six drones explosifs et ont ouvert le feu en direction de la base du GCO 5 Segonn. Ces derniers, avant de prendre la fuite, ont riposté pendant plusieurs heures.",,,,,,,Ouest,Port-au-Prince,3e Section Martissant,Village de Dieu,hti:6960d0ea
15,incident,18.44948387,-72.28664398,2025-04-19,0,17,0,0,FALSE,17 explosive drones in Kenscoff,17 drones explosifs à Kenscoff,"Officers from various specialised PNH units launched at least 17 explosive drones against positions of the members of GCO Gran Ravin, who were trying to advance toward downtown.","Des agents de différentes unités spécialisées de la PNH ont lancé au moins 17 drones explosifs contre les positions des membres du GCO Gran Ravin, qui tentaient de progresser vers le centre-ville.",,,,,,,Ouest,Kenscoff,3e Section Sourcailles,Kenscoff,hti:f4230ec5
16,incident,18.52924156,-72.32738495,2025-04-23,0,3,0,0,FALSE,3 explosive drones in Pacot,3 drones explosifs à Pacot,At least three explosive drones have been deployed by of the agents of the PNH against members of GCO Gran Ravin.,Au moins trois drones explosifs ont été déployés par des agents de la PNH contre les membres du GCO Gran Ravin.,,,,,,,Ouest,Port-au-Prince,1re Section Turgeau,Pacot,hti:dd653f4a
17,incident,18.53993416,-72.32312775,2025-04-27,0,2,0,0,FALSE,2 explosive drones in Christ Roi,2 drones explosifs à Christ Roi,PNH officers launched explosive drones toward of the members of GCO Bel-Air who were trying to advance toward a neighbourhood.,Des agents de la PNH ont lancé des drones explosifs en direction des membres du GCO Bel-Air qui tentaient de progresser vers un quartier.,,,,,,,Ouest,Port-au-Prince,1re Section Turgeau,Christ Roi,hti:b7fdd442
18,incident,18.52995682,-72.32798767,2025-04-28,0,2,0,0,FALSE,2 explosive drones in Pacot,2 drones explosifs à Pacot,PNH officers launched at least two explosive drones against members of GCO Gran Ravin.,Des agents de la PNH ont lancé au moins deux drones explosifs contre des membres du GCO Gran Ravin.,,,,,,,Ouest,Port-au-Prince,1re Section Turgeau,Pacot,hti:a7f8a0da
19,incident,18.53456306,-72.32989502,2025-04-29,0,2,0,0,FALSE,2 explosive drones in Pacot,2 drones explosifs à Pacot,Of the agents of the PNH deployed à bord of armoured vehicles have launched at least two explosive drones toward of the members of GCO Gran Ravin who were advancing toward a neighbourhood.,Des agents de la PNH déployés à bord de véhicules blindés ont lancé au moins deux drones explosifs en direction des membres du GCO Gran Ravin qui avançaient vers un quartier.,,,,,,,Ouest,Port-au-Prince,1re Section Turgeau,Pacot,hti:8d520c07
20,incident,18.45088768,-72.29759216,2025-05-01,0,4,0,0,FALSE,4 explosive drones in Via,4 drones explosifs à Via,"Officers from various specialised PNH units launched at least four explosive drones against positions of the members of a GCO coalition, including 5 Segonn.","Des agents de différentes unités spécialisées de la PNH ont lancé au moins quatre drones explosifs contre les positions des membres d'une coalition de GCO, dont 5 Segonn.",,,,,,,Ouest,Kenscoff,3e Section Sourcailles,Via,hti:7adce29b
21,incident,18.52534676,-72.35220337,2025-05-03,0,4,0,0,FALSE,4 explosive drones in Fort-Mercredi,4 drones explosifs à Fort-Mercredi,PNH officers attacked and launched at least four explosive drones against the GCO base Gran Ravin.,Des agents de la PNH ont attaqué et lancé au moins quatre drones explosifs contre la base du GCO Gran Ravin.,,,,,,,Ouest,Port-au-Prince,3e Section Martissant,Fort-Mercredi,hti:0c501f0a
22,incident,18.52924156,-72.32738495,2025-05-06,0,4,0,0,FALSE,4 explosive drones in Pacot,4 drones explosifs à Pacot,PNH officers attacked by launching at least four explosive drones toward of the members of GCO Gran Ravin.,Des agents de la PNH ont attaqué en lançant au moins quatre drones explosifs en direction des membres du GCO Gran Ravin.,,,,,,,Ouest,Port-au-Prince,1re Section Turgeau,Pacot,hti:67f22b35
23,incident,18.53722954,-72.35466003,2025-05-06,0,2,0,0,FALSE,2 explosive drones in Village de Dieu,2 drones explosifs à Village de Dieu,Officers from several specialised PNH units fired explosive drones against the GCO base 5 Segonn.,Des agents de plusieurs unités spécialisées de la PNH ont tiré des drones explosifs contre la base du GCO 5 Segonn.,,,,,,,Ouest,Port-au-Prince,3e Section Martissant,Village de Dieu,hti:6bb33cc6
24,incident,18.52639771,-72.35605621,2025-05-06,0,2,0,0,FALSE,2 explosive drones in Grand Ravine,2 drones explosifs à Grand Ravine,Of the agents of the PNH of various specialised units have launched several explosive drones toward of the GCO base Gran Ravin.,Des agents de la PNH de différentes unités spécialisées ont lancé plusieurs drones explosifs en direction de la base du GCO Gran Ravin.,,,,,,,Ouest,Port-au-Prince,3e Section Martissant,Grand Ravine,hti:c6cf684e
25,incident,18.54732704,-72.33959198,2025-05-08,0,3,0,0,FALSE,3 explosive drones in Port-au-Prince,3 drones explosifs à Port-au-Prince,PNH officers used at least of three explosive drones against positions of the members of GCO of Grand Ravin in downtown.,Des membres de la PNH ont fait usage d'au moins de trois drones explosifs contre des positions des membres de GCO de Grand Ravin au centre-ville.,,,,,,,Ouest,Port-au-Prince,1re Section Turgeau,Port-au-Prince,hti:2e01a1c8
26,incident,18.41867828,-72.30337524,2025-05-10,0,2,0,0,FALSE,2 explosive drones in Furcy,2 drones explosifs à Furcy,"PNH officers launched explosive drones to push back the members of the coalition of GCO Viv Ansanm, including 5 Segonn.","Des agents de la PNH ont lancé des drones explosifs pour repousser les membres de la coalition du GCO Viv Ansanm, dont 5 Segonn.",,,,,,,Ouest,Kenscoff,3e Section Sourcailles,Furcy,hti:a828447c
27,incident,18.53579712,-72.33976746,2025-05-13,0,1,0,0,FALSE,1 explosive drone in Bas Peu De Choses,1 drone explosif à Bas Peu De Choses,"PNH officers launched at least a explosive drone in a zone occupée by of the members of GCO, including 5 Segonn.","Des agents de la PNH ont lancé au moins un drone explosif dans une zone occupée par des membres du GCO, dont 5 Segonn.",,,,,,,Ouest,Port-au-Prince,1re Section Turgeau,Bas Peu De Choses,hti:16222ea2
28,incident,18.55572891,-72.31098938,2025-05-13,0,2,0,0,FALSE,2 explosive drones in Delmas 19,2 drones explosifs à Delmas 19,PNH officers launched several explosive drones during an intervention visant à push back the members of GCO Simon Pelé.,Des agents de la PNH ont lancé plusieurs drones explosifs lors d'une intervention visant à repousser les membres du GCO Simon Pelé.,,,,,,,Ouest,Delmas,1re Section St Martin,Delmas 19,hti:7ccdbe6f
29,incident,18.53722954,-72.35466003,2025-05-16,1,2,1,0,TRUE,1 killed in Village de Dieu,1 tué à Village de Dieu,Security forces attacked to the moyen of explosive drones of the members of GCO 5 Segonn. At least a of the members died of his injuries.,Les forces de l'ordre ont attaqué au moyen de drones explosifs des membres du GCO 5 Segonn. Au moins un des membres a succombé à ses blessures.,,,,,,,Ouest,Port-au-Prince,3e Section Martissant,Village de Dieu,hti:f32491a7
30,incident,18.54732704,-72.33959198,2025-05-20,0,2,0,0,FALSE,2 explosive drones in Port-au-Prince,2 drones explosifs à Port-au-Prince,PNH officers attacked and launched several explosive drones toward of the members of GCO 5 Segonn and Gran Ravin to push them back and limit their advance.,Des agents de la PNH ont attaqué et lancé plusieurs drones explosifs en direction des membres du GCO 5 Segonn et Gran Ravin pour les repousser et limiter leur progression.,,,,,,,Ouest,Port-au-Prince,1re Section Turgeau,Port-au-Prince,hti:153842be
31,incident,18.53722954,-72.35466003,2025-05-20,0,1,0,0,FALSE,1 explosive drone in Village de Dieu,1 drone explosif à Village de Dieu,PNH officers launched at least a explosive drone against the GCO base 5 Segonn.,Des agents de la PNH ont lancé au moins un drone explosif contre la base du GCO 5 Segonn.,,,,,,,Ouest,Port-au-Prince,3e Section Martissant,Village de Dieu,hti:9cbef6fe
32,incident,18.51743889,-72.23699188,2025-05-22,0,5,0,0,FALSE,5 explosive drones in Pernier,5 drones explosifs à Pernier,Specialised PNH officers launched at least five explosive drones against the GCO base Kraze Baryè during an intervention.,Des agents spécialisés de la PNH ont lancé au moins cinq drones explosifs contre la base du GCO Kraze Baryè lors d'une intervention.,,,,,,,Ouest,Pétion-Ville,5e Section Bellevue Chardonnière,Pernier,hti:a52639c0
33,incident,18.54146767,-72.24023438,2025-05-22,0,2,0,0,FALSE,2 explosive drones in Torcelle,2 drones explosifs à Torcelle,PNH officers launched explosive drones on the GCO base Kraze Baryè during an intervention. Of the material damage have been observés.,Des agents de la PNH ont lancé des drones explosifs sur la base du GCO Kraze Baryè lors d'une intervention. Des dommages matériels ont été observés.,,,,,,,Ouest,Tabarre,2e Section Bellevue,Torcelle,hti:c3bcc3e4
34,incident,18.54146767,-72.24023438,2025-05-23,16,2,7,9,TRUE,"7 killed, 9 wounded in Torcelle","7 tués, 9 blessés à Torcelle","PNH officers carried out an attack against the GCO base Kraze Baryè en lançant plusieurs explosive drones. The toll includes at least seven members of GCO tués and nine woundeds, including the leader. Of the véhicules and of the maisons servant of cachette to the members of GCO have also been détruits.","Des agents de la PNH ont mené une attaque contre la base du GCO Kraze Baryè en lançant plusieurs drones explosifs. Le bilan indique au moins sept membres du GCO tués et neuf blessés, y compris le chef. Des véhicules et des maisons servant de cachette aux membres du GCO ont également été détruits.",,,,,,,Ouest,Tabarre,2e Section Bellevue,Torcelle,hti:ce5fb6b4
35,incident,18.53722954,-72.35466003,2025-05-25,22,2,2,20,TRUE,"2 killed, 20 wounded in Village de Dieu","2 tués, 20 blessés à Village de Dieu","PNH officers attacked and launched several explosive drones against the GCO base 5 Segonn. At least two présumés members of GCO were killed and at least 20 autres woundeds, including four women. Of the material damage have also been rapportés, with houses destroyed.","Des agents de la PNH ont attaqué et lancé plusieurs drones explosifs contre la base du GCO 5 Segonn. Au moins deux présumés membres du GCO ont été tués et au moins 20 autres blessés, dont quatre femmes. Des dommages matériels ont également été rapportés, avec des maisons détruites.",,,,,,,Ouest,Port-au-Prince,3e Section Martissant,Village de Dieu,hti:3ab06c53
36,incident,18.52639771,-72.35605621,2025-06-01,0,2,0,0,FALSE,2 explosive drones in Grand Ravine,2 drones explosifs à Grand Ravine,PNH officers launched at least two drones toward of the GCO base Gran Ravin.,Des agents de la PNH ont lancé au moins deux drones en direction de la base du GCO Gran Ravin.,,,,,,,Ouest,Port-au-Prince,3e Section Martissant,Grand Ravine,hti:04e75a6d
37,incident,18.53722954,-72.35466003,2025-06-01,0,2,0,0,FALSE,2 explosive drones in Village de Dieu,2 drones explosifs à Village de Dieu,PNH officers attacked and launched drones toward of the GCO base 5 Segonn.,Des agents de la PNH ont attaqué et lancé des drones en direction de la base du GCO 5 Segonn.,,,,,,,Ouest,Port-au-Prince,3e Section Martissant,Village de Dieu,hti:c28274d8
38,incident,18.51023865,-72.19997406,2025-06-07,0,2,0,0,FALSE,2 explosive drones in Dumay,2 drones explosifs à Dumay,Specialised PNH officers carried out an intervention and launched of the drones toward of the members of GCO Kraze Baryè. The latter managed to flee and abandoned the vehicle they were travelling in.,Des agents spécialisés de la PNH ont mené une intervention et lancé des drones en direction des membres du GCO Kraze Baryè. Ces derniers ont réussi à prendre la fuite et ont abandonné le véhicule à bord duquel il circulait.,,,,,,,Ouest,Croix-Des-Bouquets,3e Section Petit Bois,Dumay,hti:d2fe8a3d
39,incident,18.53350449,-72.3385849,2025-06-09,0,2,0,0,FALSE,2 explosive drones in Bas Peu De Choses,2 drones explosifs à Bas Peu De Choses,PNH officers launched explosive drones toward of the members of GCO Gran Ravin.,Des agents de la PNH ont lancé des drones explosifs en direction des membres de GCO Gran Ravin.,,,,,,,Ouest,Port-au-Prince,1re Section Turgeau,Bas Peu De Choses,hti:ba60a4de
40,incident,18.53722954,-72.35466003,2025-06-10,0,2,0,0,FALSE,2 explosive drones in Village de Dieu,2 drones explosifs à Village de Dieu,Specialised PNH officers fired several explosive drones toward of the GCO base 5 Segonn.,Des agents spécialisés de la PNH ont tiré plusieurs drones explosifs en direction de la base du GCO 5 Segonn.,,,,,,,Ouest,Port-au-Prince,3e Section Martissant,Village de Dieu,hti:587460b2
41,incident,18.52639771,-72.35605621,2025-06-10,6,8,6,0,TRUE,6 killed in Grand Ravine,6 tués à Grand Ravine,PNH officers launched at least eight drones against the GCO base Gran Ravin.,Des agents de la PNH ont lancé au moins huit drones contre la base du GCO Gran Ravin.,,,,,,,Ouest,Port-au-Prince,3e Section Martissant,Grand Ravine,hti:5dcf10dc
42,incident,18.52661896,-72.35037994,2025-06-10,0,2,0,0,FALSE,2 explosive drones in Fort-Mercredi,2 drones explosifs à Fort-Mercredi,"Specialised PNH officers launched several explosive drones against a of the bases of GCO Gran Ravin. During these explosions, plusieurs maisons appartenant to the members of GCO have been détruites.","Des agents spécialisés de la PNH ont lancé plusieurs drones explosifs contre une des bases du GCO Gran Ravin. Lors de ces explosions, plusieurs maisons appartenant aux membres du GCO ont été détruites.",,,,,,,Ouest,Port-au-Prince,3e Section Martissant,Fort-Mercredi,hti:db852710
43,incident,18.52639771,-72.35605621,2025-06-12,3,8,3,0,TRUE,3 killed in Grand Ravine,3 tués à Grand Ravine,PNH officers launched at least eight drones against the GCO base of Gran Ravin. At least 3 présumés members of GCO were wounded.,Des agents de la PNH ont lancé au moins huit drones contre la base du GCO de Gran Ravin. Au moins 3 présumés membres du GCO ont été blessés.,,,,,,,Ouest,Port-au-Prince,3e Section Martissant,Grand Ravine,hti:0db4358b
44,incident,18.52422714,-72.34825134,2025-06-12,0,1,0,0,FALSE,1 explosive drone in Carrefour Feuilles,1 drone explosif à Carrefour Feuilles,The unités spécialisées of the PNH have launched at least a explosive drone towards members of GCO Gran Ravin during an operation aimed at pushing them back d'a neighbourhood.,Les unités spécialisées de la PNH ont lancé au moins un drone explosif en direction des membres du GCO Gran Ravin lors d'une opération visant à les repousser d'un quartier.,,,,,,,Ouest,Port-au-Prince,3e Section Martissant,Carrefour Feuilles,hti:21e68037
45,incident,18.53200531,-72.3331604,2025-06-12,0,2,0,0,FALSE,2 explosive drones in Pacot,2 drones explosifs à Pacot,Officers from various specialised PNH units tiré and used explosive drones on of the members of GCO Gran Ravin during an operation aimed at pushing them back d'a neighbourhood they had stormed for more than two months.,Des agents de différentes unités spécialisées de la PNH ont tiré et utilisé des drones explosifs sur des membres du GCO Gran Ravin lors d'une opération visant à les repousser d'un quartier qu'ils avaient pris d'assaut depuis plus de deux mois.,,,,,,,Ouest,Port-au-Prince,1re Section Turgeau,Pacot,hti:61477202
46,incident,18.52639771,-72.35605621,2025-06-18,0,2,0,0,FALSE,2 explosive drones in Grand Ravine,2 drones explosifs à Grand Ravine,PNH officers launched explosive drones toward of the GCO base Gran Ravin.,Des agents de la PNH ont lancé des drones explosifs en direction de la base du GCO Gran Ravin.,,,,,,,Ouest,Port-au-Prince,3e Section Martissant,Grand Ravine,hti:c65de828
47,incident,18.52736855,-72.35704803,2025-06-21,2,3,2,0,TRUE,2 killed in Martissant,2 tués à Martissant,Haitian National Police officers launched at least three drones toward of the GCO base Gran Ravin. At least two members of GCO Gran Ravin tués.,Des agents de la Police nationale d’Haïti ont lancé au moins trois drones en direction de la base du GCO Gran Ravin. Au moins deux membres du GCO Gran Ravin tués.,,,,,,,Ouest,Port-au-Prince,3e Section Martissant,Martissant,hti:cd577a44
48,incident,18.53037071,-72.34946442,2025-06-29,0,4,0,0,FALSE,4 explosive drones in Bolosse,4 drones explosifs à Bolosse,Haitian National Police officers launched at least four drones toward of the GCO base Gran Ravin.,Des agents de la Police nationale d’Haïti ont lancé au moins quatre drones en direction de la base du GCO Gran Ravin.,,,,,,,Ouest,Port-au-Prince,3e Section Martissant,Bolosse,hti:ec337857
49,incident,18.53350449,-72.3385849,2025-07-07,0,1,0,0,FALSE,1 explosive drone in Bas Peu De Choses,1 drone explosif à Bas Peu De Choses,PNH officers dû faire usage d’a explosive drone to push back the members of GCO.,Des agents de la PNH ont dû faire usage d’un drone explosif pour repousser les membres du GCO.,,,,,,,Ouest,Port-au-Prince,1re Section Turgeau,Bas Peu De Choses,hti:da1d83f6
50,incident,18.45088768,-72.29759216,2025-07-13,0,8,0,0,FALSE,8 explosive drones in Via,8 drones explosifs à Via,"PNH officers launched at least 8 explosive drones to push back of the members of GCO, including 5 Segonn, during an operation.","Des agents de la PNH ont lancé au moins 8 drones explosifs pour repousser des membres de GCO, dont 5 Segonn, lors d'une opération.",,,,,,,Ouest,Kenscoff,3e Section Sourcailles,Via,hti:033511fc
51,incident,18.44772911,-72.30667877,2025-07-13,0,2,0,0,FALSE,2 explosive drones in Godet,2 drones explosifs à Godet,"Specialised PNH officers deployed explosive drones against members of GCO, including 5 Segonn, during an operation visant à regain control a locality.","Des agents spécialisés de la PNH ont déployé des drones explosifs contre des membres de GCO, dont 5 Segonn, lors d’une opération visant à reprendre le contrôle d’une localité.",,,,,,,Ouest,Kenscoff,3e Section Sourcailles,Godet,hti:997e92c2
52,incident,18.44772911,-72.30667877,2025-07-15,0,2,0,0,FALSE,2 explosive drones in Godet,2 drones explosifs à Godet,"Specialised PNH units used explosive drones to strike of the members of GCO, including 5 Segonn, during an intervention destinée à the déloger a locality.","Des unités spécialisées de la PNH ont utilisé des drones explosifs pour frapper des membres de GCO, incluant 5 Segonn, au cours d’une intervention destinée à les déloger d’une localité.",,,,,,,Ouest,Kenscoff,3e Section Sourcailles,Godet,hti:a66cfee3
53,incident,18.45088768,-72.29759216,2025-07-15,0,4,0,0,FALSE,4 explosive drones in Via,4 drones explosifs à Via,Haitian National Police officers launched at least 4 drones toward of GCO 5 Segonn in the area.,Des agents de la Police nationale d’Haïti ont lancé au moins 4 drones en direction du GCO 5 Segonn dans la zone.,,,,,,,Ouest,Kenscoff,3e Section Sourcailles,Via,hti:b16d7dc3
54,incident,18.45902824,-72.32546234,2025-07-17,0,4,0,0,FALSE,4 explosive drones in Belo,4 drones explosifs à Belo,Haitian National Police officers launched at least four drones toward of the members of GCO 5 Segonn.,Des agents de la Police nationale d’Haïti ont lancé au moins quatre drones en direction des membres du GCO 5 Segonn.,,,,,,,Ouest,Kenscoff,2e Section Bongars,Belo,hti:ca5e2c1b
55,incident,18.43814087,-72.27217865,2025-07-22,0,2,0,0,FALSE,2 explosive drones in Obléon,2 drones explosifs à Obléon,Specialised PNH units launched an offensive and deployed of the explosive drones to target of the members of GCO 5 Segonn hiding in the mountains.,Des unités spécialisées de la PNH ont lancé une offensive et déployé des drones explosifs pour cibler des membres du GCO 5 Segonn cachés dans les montagnes.,,,,,,,Ouest,Kenscoff,3e Section Sourcailles,Obléon,hti:01f1984e
56,incident,18.45070648,-72.3387146,2025-07-22,0,2,0,0,FALSE,2 explosive drones in Belo,2 drones explosifs à Belo,Specialised PNH units used explosive drones to strike of the members of GCO 5 Segonn holed up in the mountains.,Des unités spécialisées de la PNH ont utilisé des drones explosifs pour frapper des membres du GCO 5 Segonn retranchés dans les montagnes.,,,,,,,Ouest,Kenscoff,2e Section Bongars,Belo,hti:10ef6af0
57,incident,18.44772911,-72.30667877,2025-07-22,0,2,0,0,FALSE,2 explosive drones in Godet,2 drones explosifs à Godet,Specialised PNH units mené a attaque using of explosive drones against members of GCO 5 Segonn holed up in the mountains.,Des unités spécialisées de la PNH ont mené une attaque à l’aide de drones explosifs contre des membres du GCO 5 Segonn retranchés dans les montagnes.,,,,,,,Ouest,Kenscoff,3e Section Sourcailles,Godet,hti:6b05aff5
58,incident,18.45088768,-72.29759216,2025-07-24,0,2,0,0,FALSE,2 explosive drones in Via,2 drones explosifs à Via,Specialised PNH units supporting ground units used explosive drones against members of GCO 5 Segonn holed up in hard-to-reach areas.,Des unités spécialisées de la PNH en appui des unités au sol ont utilisé des drones explosifs contre des membres du GCO 5 Segonn retranchés dans des zones difficiles d’accès.,,,,,,,Ouest,Kenscoff,3e Section Sourcailles,Via,hti:4ea52cd7
59,incident,18.45088768,-72.29759216,2025-07-25,0,1,0,0,FALSE,1 explosive drone in Via,1 drone explosif à Via,PNH units used explosive drones against members of GCO 5 segonn during an operation aimed at dislodging them of the positions occupées.,Des unités de la PNH ont utilisé des drones explosifs contre des membres de GCO 5 segonn lors d’une opération visant à les déloger des positions occupées.,,,,,,,Ouest,Kenscoff,3e Section Sourcailles,Via,hti:17aba5bd
60,incident,18.44772911,-72.30667877,2025-07-31,0,2,0,0,FALSE,2 explosive drones in Godet,2 drones explosifs à Godet,"PNH units launched several explosive drones against members of a GCO alliance, including 5 Segonn holed up in hard-to-reach areas.","Des unités de la PNH ont lancé plusieurs drones explosifs contre des membres d’une alliance de GCO, dont 5 Segonn retranchés dans des zones difficilement accessibles.",,,,,,,Ouest,Kenscoff,3e Section Sourcailles,Godet,hti:141e3c72
61,incident,18.52422714,-72.34825134,2025-07-31,0,1,0,0,FALSE,1 explosive drone in Carrefour Feuilles,1 drone explosif à Carrefour Feuilles,PNH units used a explosive drone to strike of the members of GCO Gran Ravin holed up in mountainous areas.,Des unités de la PNH ont utilisé un drone explosif pour frapper des membres du GCO Gran Ravin retranchés dans des zones montagneuses.,,,,,,,Ouest,Port-au-Prince,3e Section Martissant,Carrefour Feuilles,hti:80532ea6
62,incident,18.53350449,-72.3385849,2025-07-31,0,5,0,0,FALSE,5 explosive drones in Bas Peu De Choses,5 drones explosifs à Bas Peu De Choses,"Specialised PNH units launched at least five explosive-laden drones against members of GCO, including 5 Segonn.","Des unités spécialisées de la PNH ont lancé au moins cinq drones à charge explosive contre des membres du GCO, dont 5 Segonn.",,,,,,,Ouest,Port-au-Prince,1re Section Turgeau,Bas Peu De Choses,hti:eef1619c
63,incident,18.53350449,-72.3385849,2025-08-03,0,2,0,0,FALSE,2 explosive drones in Bas Peu De Choses,2 drones explosifs à Bas Peu De Choses,"Specialised PNH units carried out a targeted strike using explosive drones against members of GCO, including 5 Segonn. The operation aimed à déloger these individuals holed up in abandoned homes, used as tactical fallback positions.","Des unités spécialisées de la PNH ont procédé à une frappe ciblée à l’aide de drones explosifs contre des membres du GCO, dont 5 Segonn. L’opération visait à déloger ces individus retranchés dans des habitations abandonnées, utilisées comme postes de repli tactique.",,,,,,,Ouest,Port-au-Prince,1re Section Turgeau,Bas Peu De Choses,hti:57210f82
64,incident,18.53879738,-72.34369659,2025-08-07,0,3,0,0,FALSE,3 explosive drones in Morne à Tuf,3 drones explosifs à Morne à Tuf,Haitian National Police (PNH) units struck members of GCO 5 Segonn using of explosive drones during an operation.,Des unités de la Police Nationale d’Haïti (PNH) ont frappé des membres du GCO 5 Segonn à l’aide de drones explosifs lors d’une opération.,,,,,,,Ouest,Port-au-Prince,1re Section Turgeau,Morne à Tuf,hti:1004d193
65,incident,18.52661896,-72.35037994,2025-08-07,0,2,0,0,FALSE,2 explosive drones in Fort-Mercredi,2 drones explosifs à Fort-Mercredi,PNH units launched several explosive drones toward d’a base of GCO Gran Ravin.,Des unités de la PNH ont lancé plusieurs drones explosifs en direction d’une base du GCO Gran Ravin.,,,,,,,Ouest,Port-au-Prince,3e Section Martissant,Fort-Mercredi,hti:5acb5ac4
66,incident,18.52924156,-72.32738495,2025-08-07,0,2,0,0,FALSE,2 explosive drones in Pacot,2 drones explosifs à Pacot,"PNH units deployed plusieurs explosive drones to strike of the members of GCO Gran Ravin. The latter, falling back toward hard-to-reach areas, have been targeteds by the forces of l’ordre who have lancé the drones from their positions in an effort to reach them.","Des unités de la PNH ont déployé plusieurs drones explosifs pour frapper des membres du GCO Gran Ravin. Ces derniers, en repli vers des zones difficilement accessibles, ont été ciblés par les forces de l’ordre qui ont lancé les drones depuis leurs positions dans le but de les atteindre.",,,,,,,Ouest,Port-au-Prince,1re Section Turgeau,Pacot,hti:ab1695d9
67,incident,18.5256958,-72.34008026,2025-08-11,16,5,9,7,TRUE,"9 killed, 7 wounded in Carrefour-Feuilles","9 tués, 7 blessés à Carrefour-Feuilles",PNH officers opened fire on of the members of GCO Gran Ravin. At least 5 drones were launched in the area. At least 7 members of GCO were wounded and 9 autres tués.,Des agents de la PNH ont ouvert le feu contre des membres du GCO Gran Ravin. Au moins 5 drones ont été lancés dans la zone. Au moins 7 membres du GCO ont été blessés et 9 autres tués.,,,,,,,Ouest,Port-au-Prince,1re Section Turgeau,Carrefour-Feuilles,hti:56b5c328
68,incident,18.52422714,-72.34825134,2025-08-11,0,2,0,0,FALSE,2 explosive drones in Carrefour Feuilles,2 drones explosifs à Carrefour Feuilles,PNH units carried out an operation during which elles have used explosive drones against members of GCO Gran Ravin. The intervention aimed à chasser these individuals d’a neighbourhood qu’ils occupent for more than four months.,Des unités de la PNH ont mené une opération au cours de laquelle elles ont utilisé des drones explosifs contre des membres du GCO Gran Ravin. Cette intervention visait à chasser ces individus d’un quartier qu’ils occupent depuis plus de quatre mois.,,,,,,,Ouest,Port-au-Prince,3e Section Martissant,Carrefour Feuilles,hti:cf551f70
69,incident,18.53722954,-72.35466003,2025-08-12,0,1,0,0,FALSE,1 explosive drone in Village de Dieu,1 drone explosif à Village de Dieu,"Haitian National Police (PNH) units deployed at least a explosive drone toward the GCO base 5 Segonn, as part of an operation targeted.","Des unités de la Police Nationale d’Haïti (PNH) ont déployé au moins un drone explosif en direction de la base du GCO 5 Segonn, dans le cadre d’une opération ciblée.",,,,,,,Ouest,Port-au-Prince,3e Section Martissant,Village de Dieu,hti:e2053c54
70,incident,18.53350449,-72.3385849,2025-08-14,0,2,0,0,FALSE,2 explosive drones in Bas Peu De Choses,2 drones explosifs à Bas Peu De Choses,Specialised PNH units launched at least two explosive drones against members of GCO 5 Segonn.,Des unités spécialisées de la PNH ont lancé au moins deux drones explosifs contre des membres du GCO 5 Segonn.,,,,,,,Ouest,Port-au-Prince,1re Section Turgeau,Bas Peu De Choses,hti:77a5081f
71,incident,18.52639771,-72.35605621,2025-08-15,0,1,0,0,FALSE,1 explosive drone in Grand Ravine,1 drone explosif à Grand Ravine,PNH officers launched at least 1 explosive drone toward the GCO base Gran Ravin.,Des agents de la PNH ont lancé au moins 1 drone explosif en direction de la base du GCO Gran Ravin.,,,,,,,Ouest,Port-au-Prince,3e Section Martissant,Grand Ravine,hti:960a23a5
72,incident,18.43814087,-72.27217865,2025-08-16,0,2,0,0,FALSE,2 explosive drones in Obléon,2 drones explosifs à Obléon,"PNH units launched at least two explosive drones toward of members of GCO 5 Segonn holed up in a house. The house, used as a hideout by group members, was targeted and surrounded by security forces.","Des unités de la PNH ont lancé au moins deux drones explosifs en direction de membres du GCO 5 Segonn retranchés dans une maison. Celle-ci, utilisée comme cachette par les membres du groupe, a été ciblée et encerclée par les forces de l’ordre.",,,,,,,Ouest,Kenscoff,3e Section Sourcailles,Obléon,hti:c3d3e1fe
73,incident,18.44948387,-72.28664398,2025-08-19,9,1,2,7,TRUE,"2 killed, 7 wounded in Kenscoff","2 tués, 7 blessés à Kenscoff",PNH units launched a explosive drone and l'explosion of ce dernier à proximité of the base of the SWAT a killed two SWAT members and wounded seven others. The drone was aimed at the members of GCO 5 Segonn présents in the area.,Des unités de la PNH ont lancé un drone explosif et l'explosion de ce dernier à proximité de la base du SWAT a entraîné la mort de 2 membres du SWAT et blessé 7 autres. L'utilisation de ce drone visait les membres du GCO 5 Segonn présents dans la zone.,,,,,,,Ouest,Kenscoff,3e Section Sourcailles,Kenscoff,hti:40e2b02a
74,incident,18.54732704,-72.33959198,2025-08-22,0,1,0,0,FALSE,1 explosive drone in Port-au-Prince,1 drone explosif à Port-au-Prince,PNH officers launched a explosive drone against GCO Gran Ravin and 5 Segonn présents in the area.,Des agents de la PNH ont lancé un drone explosif contre les GCO Gran Ravin et 5 Segonn présents dans la zone.,,,,,,,Ouest,Port-au-Prince,1re Section Turgeau,Port-au-Prince,hti:c67664b4
75,incident,18.53722954,-72.35466003,2025-08-24,0,1,0,0,FALSE,1 explosive drone in Village de Dieu,1 drone explosif à Village de Dieu,Specialised PNH units struck the base of GCO 5 Segonn using d’a explosive drone. The exact number of victims and the scale of the material damage remains unclear.,Des unités spécialisées de la PNH ont frappé la base du GCO 5 Segonn à l’aide d’un drone explosif. Le nombre exact de victimes ainsi que l’ampleur des dommages matériels reste imprécis.,,,,,,,Ouest,Port-au-Prince,3e Section Martissant,Village de Dieu,hti:ac654fbf
76,incident,18.52661896,-72.35037994,2025-08-24,0,1,0,0,FALSE,1 explosive drone in Fort-Mercredi,1 drone explosif à Fort-Mercredi,Specialised PNH units launched at least a explosive drone ciblant the GCO base Gran Ravin.,Des unités spécialisées de la PNH ont lancé au moins un drone explosif ciblant la base du GCO Gran Ravin.,,,,,,,Ouest,Port-au-Prince,3e Section Martissant,Fort-Mercredi,hti:b3263170
77,incident,18.53879738,-72.34369659,2025-08-27,0,5,0,0,FALSE,5 explosive drones in Morne à Tuf,5 drones explosifs à Morne à Tuf,PNH officers launched at least five explosive drones visant the members of GCO 5 Segonn and Gran Ravin. Aucun coup of feu n’a been entendu in the area to the moment of l’attaque.,Des agents de la PNH ont lancé au moins cinq drones explosifs visant les membres du GCO 5 Segonn et de Gran Ravin. Aucun coup de feu n’a été entendu dans la zone au moment de l’attaque.,,,,,,,Ouest,Port-au-Prince,1re Section Turgeau,Morne à Tuf,hti:e5607d00
78,incident,18.53350449,-72.3385849,2025-08-28,0,2,0,0,FALSE,2 explosive drones in Bas Peu De Choses,2 drones explosifs à Bas Peu De Choses,PNH officers launched at least two explosive drones on of the members of GCO 5 Segonn and Gran Ravin.,Des agents de la PNH ont lancé au moins deux drones explosifs sur des membres du GCO 5 Segonn et de Gran Ravin.,,,,,,,Ouest,Port-au-Prince,1re Section Turgeau,Bas Peu De Choses,hti:7c8e158a
79,incident,18.53350449,-72.3385849,2025-08-31,0,9,0,0,FALSE,9 explosive drones in Bas Peu De Choses,9 drones explosifs à Bas Peu De Choses,PNH units launched at least nine explosive drones against members of the GCO groups Gran Ravin and 5 Segonn.,Des unités de la PNH ont lancé au moins neuf drones explosifs contre les membres des GCO Gran Ravin et 5 Segonn.,,,,,,,Ouest,Port-au-Prince,1re Section Turgeau,Bas Peu De Choses,hti:04904d97
80,incident,18.53722954,-72.35466003,2025-08-31,0,1,0,0,FALSE,1 explosive drone in Village de Dieu,1 drone explosif à Village de Dieu,"Specialised PNH units launched at least two explosive drones toward of the GCO base 5 Segonn. During the strike, no gunfire was heard in the area.","Des unités spécialisées de la PNH ont lancé au moins deux drones explosifs en direction de la base du GCO 5 Segonn. Lors de la frappe, aucun coup de feu n’a été entendu dans la zone.",,,,,,,Ouest,Port-au-Prince,3e Section Martissant,Village de Dieu,hti:19be65d3
81,incident,18.52661896,-72.35037994,2025-08-31,0,1,0,0,FALSE,1 explosive drone in Fort-Mercredi,1 drone explosif à Fort-Mercredi,Specialised PNH units carried out a strike against the GCO base Gran Ravin using of explosive drones.,Des unités spécialisées de la PNH ont mené une frappe contre la base du GCO Gran Ravin à l’aide de drones explosifs.,,,,,,,Ouest,Port-au-Prince,3e Section Martissant,Fort-Mercredi,hti:b1224e21
82,incident,18.53879738,-72.34369659,2025-08-31,0,2,0,0,FALSE,2 explosive drones in Morne à Tuf,2 drones explosifs à Morne à Tuf,Specialised PNH units launched at least two explosive drones visant of the members of GCO 5 Segonn and Gran Ravin.,Des unités spécialisées de la PNH ont lancé au moins deux drones explosifs visant des membres du GCO 5 Segonn et de Gran Ravin.,,,,,,,Ouest,Port-au-Prince,1re Section Turgeau,Morne à Tuf,hti:b1b1b7a7
83,incident,18.54732704,-72.33959198,2025-09-02,0,1,0,0,FALSE,1 explosive drone in Port-au-Prince,1 drone explosif à Port-au-Prince,"Specialised PNH units launched at least a explosive drone towards members of GCO Gran Ravin, during an operation targeted.","Des unités spécialisées de la PNH ont lancé au moins un drone explosif en direction des membres du GCO Gran Ravin, lors d’une opération ciblée.",,,,,,,Ouest,Port-au-Prince,1re Section Turgeau,Port-au-Prince,hti:14b196cb
84,incident,18.52700233,-72.37408447,2025-09-02,0,2,0,0,FALSE,2 explosive drones in Fontamara,2 drones explosifs à Fontamara,"Specialised PNH units launched explosive drones, ciblant the members of GCO Tibwa during an operation.","Des unités spécialisées de la PNH ont lancé des drones explosifs, ciblant les membres du GCO Tibwa lors d’une opération.",,,,,,,Ouest,Carrefour,9e Section Bizoton,Fontamara,hti:3f4197a4
85,incident,18.53722954,-72.35466003,2025-09-02,0,2,0,0,FALSE,2 explosive drones in Village de Dieu,2 drones explosifs à Village de Dieu,"Specialised PNH units struck the base of GCO 5 Segonn using of explosive drones, ciblant ses members.","Des unités spécialisées de la PNH ont frappé la base du GCO 5 Segonn à l’aide de drones explosifs, ciblant ses membres.",,,,,,,Ouest,Port-au-Prince,3e Section Martissant,Village de Dieu,hti:5a0759c0
86,incident,18.53350449,-72.3385849,2025-09-03,0,2,0,0,FALSE,2 explosive drones in Bas Peu De Choses,2 drones explosifs à Bas Peu De Choses,PNH units launched two explosive drones ciblant the members of GCO Gran Ravin and 5 Segonn.,Des unités de la PNH ont lancé deux drones explosifs ciblant les membres du GCO Gran Ravin et 5 Segonn.,,,,,,,Ouest,Port-au-Prince,1re Section Turgeau,Bas Peu De Choses,hti:67ab7afc
87,incident,18.52422714,-72.34825134,2025-09-03,0,1,0,0,FALSE,1 explosive drone in Carrefour Feuilles,1 drone explosif à Carrefour Feuilles,Specialised PNH units launched at least a explosive drone toward members of GCO Gran Ravin.,Des unités spécialisées de la PNH ont lancé au moins un drone explosif en direction de membres du GCO Gran Ravin.,,,,,,,Ouest,Port-au-Prince,3e Section Martissant,Carrefour Feuilles,hti:e72854ee
88,incident,18.53350449,-72.3385849,2025-09-06,4,1,4,0,TRUE,4 killed in Bas Peu De Choses,4 tués à Bas Peu De Choses,"PNH officers launched a explosive drone towards members of GCO 5 Segonn. The device exploded on a pickup truck and a motorcycle, killing at least four civils. Of the material damage have also been enregistrés.","Des agents de la PNH ont lancé un drone explosif en direction des membres du GCO 5 Segonn. L’engin a explosé sur une camionnette et une motocyclette, causant la mort d’au moins quatre civils. Des dommages matériels ont également été enregistrés.",,,,,,,Ouest,Port-au-Prince,1re Section Turgeau,Bas Peu De Choses,hti:7affee97
89,incident,18.53722954,-72.35466003,2025-09-08,0,2,0,0,FALSE,2 explosive drones in Village de Dieu,2 drones explosifs à Village de Dieu,PNH officers launched at least two explosive drones ciblant the GCO base 5 Segonn.,Des agents de la PNH ont lancé au moins deux drones explosifs ciblant la base du GCO 5 Segonn.,,,,,,,Ouest,Port-au-Prince,3e Section Martissant,Village de Dieu,hti:9b7c1021
90,incident,18.53350449,-72.3385849,2025-09-15,0,3,0,0,FALSE,3 explosive drones in Bas Peu De Choses,3 drones explosifs à Bas Peu De Choses,Of the members of the Task Force have used a explosive drone in downtown against positions of the members of GCO 5 Segonn/Gran Ravin.,Des membres de la Task Force ont fait usage d'un drone explosif au centre-ville contre des positions des membres du GCO 5 Segonn/Gran Ravin.,,,,,,,Ouest,Port-au-Prince,1re Section Turgeau,Bas Peu De Choses,hti:0b7b878c
91,incident,18.5359478,-72.34178162,2025-09-15,3,4,0,3,TRUE,3 wounded in Bas Peu De Choses,3 blessés à Bas Peu De Choses,PNH officers launched an operation against the positions of the members of the GCO groups of Gran Ravin and of 5 Segonn in downtown. At least 4 explosive drones were used and at least three members of GCO were wounded.,Des membres de la PNH ont lancé une opération contre les positions des membres des GCO de Gran Ravin et de 5 Segonn au centre-ville. Au moins 4 drones explosifs ont été utilisés et au moins trois membres de GCO ont été blessés.,,,,,,,Ouest,Port-au-Prince,1re Section Turgeau,Bas Peu De Choses,hti:b64f10ac
92,incident,18.56720543,-72.31924438,2025-09-20,31,1,16,15,TRUE,"16 killed, 15 wounded in Simon-Pelé","16 tués, 15 blessés à Simon-Pelé","Specialised PNH Task Force units launched a explosive drone into a crowd gathered to celebrate the birthday of GCO Simon Pelé’s leader. L’explosion a fait at least sixteen morts, fifteen woundeds, including three children and nine women.","Des unités spécialisées de la PNH (Task Force) ont lancé un drone explosif dans une foule réunie pour célébrer l’anniversaire du chef du GCO Simon Pelé. L’explosion a fait au moins seize morts, quinze blessés, parmi lesquels figurent trois enfants, neuf femmes.",,,,,,,Ouest,Delmas,1re Section St Martin,Simon-Pelé,hti:e71885b8
93,incident,18.52924156,-72.32738495,2025-09-25,0,2,0,0,FALSE,2 explosive drones in Pacot,2 drones explosifs à Pacot,Specialised PNH units launched at least two explosive drones ciblant of the members of GCO Gran Ravin.,Des unités spécialisées de la PNH ont lancé au moins deux drones explosifs ciblant des membres du GCO Gran Ravin.,,,,,,,Ouest,Port-au-Prince,1re Section Turgeau,Pacot,hti:86530761
94,incident,18.55572891,-72.31098938,2025-10-05,0,2,0,0,FALSE,2 explosive drones in Delmas 19,2 drones explosifs à Delmas 19,Specialised PNH units launched at least two explosive drones toward of the members of GCO Simon Pelé.,Des unités spécialisées de la PNH ont lancé au moins deux drones explosifs en direction des membres du GCO Simon Pelé.,,,,,,,Ouest,Delmas,1re Section St Martin,Delmas 19,hti:200d2163
95,incident,18.53081512,-72.33481598,2025-10-08,0,1,0,0,FALSE,1 explosive drone in Avenue Christophe,1 drone explosif à Avenue Christophe,Specialised Task Force units launched a explosive drone towards members of GCO Gran Ravin.,Des unités spécialisées de la Task Force ont lancé un drone explosif en direction des membres du GCO Gran Ravin.,,,,,,,Ouest,Port-au-Prince,1re Section Turgeau,Avenue Christophe,hti:547fd44b
96,incident,18.52147675,-72.32920074,2025-10-08,0,1,0,0,FALSE,1 explosive drone in Ti Savanne -Trantin,1 drone explosif à Ti Savanne -Trantin,"Specialised Task Force units launched a explosive drone ciblant of the members, which nearly hit civilians nearby.","Des unités spécialisées de la Task Force ont lancé un drone explosif ciblant des membres, qui a failli atteindre des civils se trouvant à proximité.",,,,,,,Ouest,Port-au-Prince,2e Section Morne l'Hopital,Ti Savanne -Trantin,hti:63c5195e
97,incident,18.53381348,-72.33715057,2025-10-08,0,3,0,0,FALSE,3 explosive drones in Port-au-Prince,3 drones explosifs à Port-au-Prince,Specialised PNH units launched at least three explosive drones toward of the members of the GCO groups Gran Ravin and 5 Segonn.,Des unités spécialisées de la PNH ont lancé au moins trois drones explosifs en direction des membres des GCO Gran Ravin et 5 Segonn.,,,,,,,Ouest,Port-au-Prince,1re Section Turgeau,Port-au-Prince,hti:b6ac9247
98,incident,18.53334999,-72.33863831,2025-10-09,0,4,0,0,FALSE,4 explosive drones in Bas Peu De Choses,4 drones explosifs à Bas Peu De Choses,Specialised Task Force units deployed at least four explosive drones in an attempt to push back the members of GCO 5 Segonn and Gran Ravin.,Des unités spécialisées de la Task Force ont déployé au moins quatre drones explosifs afin de tenter de repousser les membres du GCO 5 Segonn et Gran Ravin.,,,,,,,Ouest,Port-au-Prince,1re Section Turgeau,Bas Peu De Choses,hti:10252fee
99,incident,18.55024338,-72.33978271,2025-10-09,0,1,0,0,FALSE,1 explosive drone in Bel Air,1 drone explosif à Bel Air,"Specialised Task Force units launched at least a explosive drone towards members of GCO Bel-Air, as part of an operation.","Des unités spécialisées de la Task Force ont lancé au moins un drone explosif en direction des membres du GCO Bel-Air, dans le cadre d’une opération.",,,,,,,Ouest,Port-au-Prince,1re Section Turgeau,Bel Air,hti:30811b4c
100,incident,18.53286171,-72.33731842,2025-10-10,0,1,0,0,FALSE,1 explosive drone in Bas Peu De Choses,1 drone explosif à Bas Peu De Choses,"Task Force officers deployed at least a explosive drone towards members of GCO 5 Segonn, à the suite d’exchanges of fire intenses survenus during an operation.","Des agents de la Task Force ont déployé au moins un drone explosif en direction des membres du GCO 5 Segonn, à la suite d’échanges de tirs intenses survenus lors d’une opération.",,,,,,,Ouest,Port-au-Prince,1re Section Turgeau,Bas Peu De Choses,hti:8b9bca45
101,incident,18.52924156,-72.32738495,2025-10-10,0,1,0,0,FALSE,1 explosive drone in Pacot,1 drone explosif à Pacot,Specialised Task Force units launched at least a explosive drone towards members of GCO Gran Ravin.,Des unités spécialisées de la Task Force ont lancé au moins un drone explosif en direction des membres du GCO Gran Ravin.,,,,,,,Ouest,Port-au-Prince,1re Section Turgeau,Pacot,hti:be1cd123
102,incident,18.53587151,-72.33977509,2025-10-11,0,1,0,0,FALSE,1 explosive drone in Morne à Tuf,1 drone explosif à Morne à Tuf,Specialised Task Force units deployed at least a explosive drone ciblant the members of the groupes GCO 5 Segonn and Gran Ravin.,Des unités spécialisées de la Task Force ont déployé au moins un drone explosif ciblant les membres des groupes GCO 5 Segonn et Gran Ravin.,,,,,,,Ouest,Port-au-Prince,1re Section Turgeau,Morne à Tuf,hti:40181cc9
103,incident,18.52422714,-72.34825134,2025-10-12,0,2,0,0,FALSE,2 explosive drones in Carrefour Feuilles,2 drones explosifs à Carrefour Feuilles,Officers from the specialised Task Force unit launched at least two explosive drones ciblant the members of GCO Gran Ravin.,Des agents de l’unité spécialisée Task Force ont lancé au moins deux drones explosifs ciblant les membres du GCO Gran Ravin.,,,,,,,Ouest,Port-au-Prince,3e Section Martissant,Carrefour Feuilles,hti:8ee7a6dc
104,incident,18.53376961,-72.33000946,2025-10-13,0,1,0,0,FALSE,1 explosive drone in Turgeau,1 drone explosif à Turgeau,Officers from the specialised Task Force unit deployed a explosive drone visant of the members of GCO Gran Ravin holed up in homes situées à proximité of the civilian population.,Des agents de l’unité spécialisée de la Task Force ont déployé un drone explosif visant des membres du GCO Gran Ravin retranchés dans des habitations situées à proximité de la population civile.,,,,,,,Ouest,Port-au-Prince,1re Section Turgeau,Turgeau,hti:0602309c
105,incident,18.53174973,-72.33973694,2025-10-13,0,2,0,0,FALSE,2 explosive drones in Bas Peu De Choses,2 drones explosifs à Bas Peu De Choses,Officers from the specialised Task Force unit launched at least two drones toward of the members of GCO 5 Segonn and Gran Ravin.,Des agents de l’unité spécialisée de la Task Force ont lancé au moins deux drones en direction des membres du GCO 5 Segonn et Gran Ravin.,,,,,,,Ouest,Port-au-Prince,1re Section Turgeau,Bas Peu De Choses,hti:21b05bf9
106,incident,18.53382301,-72.33716583,2025-10-14,0,1,0,0,FALSE,1 explosive drone in Bas Peu De Choses,1 drone explosif à Bas Peu De Choses,Specialised Task Force units deployed at least a explosive drone visant of the members of the GCO groups Gran Ravin and 5 Segonn.,Des unités spécialisées de la Task Force ont déployé au moins un drone explosif visant des membres des GCO Gran Ravin et 5 Segonn.,,,,,,,Ouest,Port-au-Prince,1re Section Turgeau,Bas Peu De Choses,hti:b992b843
107,incident,18.52924156,-72.32738495,2025-10-20,0,1,0,0,FALSE,1 explosive drone in Pacot,1 drone explosif à Pacot,"Task Force officers deployed at least a explosive drone towards members of GCO 5 Segonn, à the suite d’exchanges of fire survenus in the morning.","Des agents de la Task Force ont déployé au moins un drone explosif en direction des membres du GCO 5 Segonn, à la suite d’échanges de tirs survenus dans la matinée.",,,,,,,Ouest,Port-au-Prince,1re Section Turgeau,Pacot,hti:5024aef5
108,incident,18.53201866,-72.33316803,2025-10-22,0,1,0,0,FALSE,1 explosive drone in Pacot,1 drone explosif à Pacot,"Specialised Task Force units launched at least a drone toward members of the GCO groups Gran Ravine and 5 Segonn, holed up in homes.","Des unités spécialisées de la Task Force ont lancé au moins un drone en direction de membres des GCO Gran Ravine et 5 Segonn, retranchés dans des habitations.",,,,,,,Ouest,Port-au-Prince,1re Section Turgeau,Pacot,hti:0c992cc4
109,incident,18.53360176,-72.33926392,2025-10-22,10,2,10,0,TRUE,10 killed in Avenue Christophe,10 tués à Avenue Christophe,Specialised Task Force units deployed two explosive drones to strike of the members of the GCO groups Gran Ravine and 5 Segonn during an operation. At least ten suspected members of these groups were shot dead.,Des unités spécialisées de la Task Force ont déployé deux drones explosifs pour frapper des membres des GCO Gran Ravine et 5 Segonn lors d’une opération. Au moins dix présumés membres de ces groupes ont été abattus.,,,,,,,Ouest,Port-au-Prince,1re Section Turgeau,Avenue Christophe,hti:d22bedcd
110,incident,18.54006958,-72.34562683,2025-10-30,0,2,0,0,FALSE,2 explosive drones in Centre-Ville,2 drones explosifs à Centre-Ville,Specialised Task Force units deployed at least two explosive drones ciblant of the members of GCO Gran Ravin.,Des unités spécialisées de la Task Force ont déployé au moins deux drones explosifs ciblant des membres du GCO Gran Ravin.,,,,,,,Ouest,Port-au-Prince,1re Section Turgeau,Centre-Ville,hti:eb72b101
111,incident,18.54732704,-72.33959198,2025-11-02,0,1,0,0,FALSE,1 explosive drone in Port-au-Prince,1 drone explosif à Port-au-Prince,Specialised Task Force units launched at least a explosive drone against positions of the members of GCO 5 Segonn.,Des unités spécialisées de la Task Force ont lancé au moins un drone explosif contre les positions des membres du GCO 5 Segonn.,,,,,,,Ouest,Port-au-Prince,1re Section Turgeau,Port-au-Prince,hti:1380bef9
112,incident,18.53297234,-72.34607697,2025-11-04,0,1,0,0,FALSE,1 explosive drone in Morne à Tuf,1 drone explosif à Morne à Tuf,Specialised Task Force units deployed at least a explosive drone ciblant the members of the GCO groups 5 Segonn and Gran Ravin during an operation.,Des unités spécialisées de la Task Force ont déployé au moins un drone explosif ciblant les membres des GCO 5 Segonn et Gran Ravin lors d'une opération.,,,,,,,Ouest,Port-au-Prince,1re Section Turgeau,Morne à Tuf,hti:8caecc6e
113,incident,18.49695587,-72.32157135,2025-11-05,3,2,3,0,TRUE,3 killed in Laboule 12,3 tués à Laboule 12,Specialised Task Force units deployed at least two explosive drones to target the members of GCO Gran 5 Segonn retranchés in a zone montagneuse. At least a member of GCO and two civils were killed during of l’explosion.,Des unités spécialisées de la Task Force ont déployé au moins deux drones explosifs pour cibler les membres du GCO Gran 5 Segonn retranchés dans une zone montagneuse. Au moins un membre du GCO et deux civils ont été tués lors de l’explosion.,,,,,,,Ouest,Pétion-Ville,3e Section Etang du Jonc,Laboule 12,hti:7c3fec37
114,incident,18.53194618,-72.3404541,2025-11-06,0,1,0,0,FALSE,1 explosive drone in Centre-Ville,1 drone explosif à Centre-Ville,PNH officers launched at least three explosive drones during an operation targeted against members of the GCO groups 5 Segonn and Gran Ravin.,Des agents de la PNH ont lancé au moins trois drones explosifs au cours d’une opération ciblée contre les membres des GCO 5 Segonn et Gran Ravin.,,,,,,,Ouest,Port-au-Prince,1re Section Turgeau,Centre-Ville,hti:0a4f4d59
115,incident,18.45282936,-72.31816864,2025-11-06,0,2,0,0,FALSE,2 explosive drones in Feça,2 drones explosifs à Feça,"Specialised PNH units deployed at least two explosive drones toward of the members of GCO 5 Segonn, as part of an operation aimed at dislodging them a locality.","Des unités spécialisées de la PNH ont déployé au moins deux drones explosifs en direction des membres du GCO 5 Segonn, dans le cadre d’une opération visant à les déloger d’une localité.",,,,,,,Ouest,Pétion-Ville,3e Section Etang du Jonc,Feça,hti:d105c07c
116,incident,18.53607368,-72.33973694,2025-11-08,0,1,0,0,FALSE,1 explosive drone in Centre-Ville,1 drone explosif à Centre-Ville,Officers from specialised PNH units used at least a explosive drone against members of the GCO groups Gran Ravin and 5 Segonn during an operation.,Des agents des unités spécialisées de la PNH ont utilisé au moins un drone explosif contre des membres des GCO Gran Ravin et 5 Segonn lors d'une opération.,,,,,,,Ouest,Port-au-Prince,1re Section Turgeau,Centre-Ville,hti:bb74414b
117,incident,18.53722954,-72.35466003,2025-11-10,0,3,0,0,FALSE,3 explosive drones in Village de Dieu,3 drones explosifs à Village de Dieu,"Officers from a specialised PNH unit deployed at least three explosive drones visant the GCO base 5 Segonn, as part of an operation.","Des agents d'une unit�� spécialisée de la PNH ont déployé au moins trois drones explosifs visant la base du GCO 5 Segonn, dans le cadre d’une opération.",,,,,,,Ouest,Port-au-Prince,3e Section Martissant,Village de Dieu,hti:54bcecab
118,incident,18.55784607,-72.3303299,2025-11-10,0,3,0,0,FALSE,3 explosive drones in Delmas 6,3 drones explosifs à Delmas 6,Specialised PNH units deployed at least three explosive drones ciblant the members of GCO Delmas 6.,Des unités spécialisées de la PNH ont déployé au moins trois drones explosifs ciblant les membres du GCO Delmas 6.,,,,,,,Ouest,Delmas,1re Section St Martin,Delmas 6,hti:d54eddd9
119,incident,18.52661896,-72.35037994,2025-11-11,0,1,0,0,FALSE,1 explosive drone in Fort-Mercredi,1 drone explosif à Fort-Mercredi,Specialised PNH units deployed at least a explosive drone visant the GCO base Gran Ravin.,Des unités spécialisées de la PNH ont déployé au moins un drone explosif visant la base du GCO Gran Ravin.,,,,,,,Ouest,Port-au-Prince,3e Section Martissant,Fort-Mercredi,hti:13ae2f24
120,incident,18.53722954,-72.35466003,2025-11-12,0,1,0,0,FALSE,1 explosive drone in Village de Dieu,1 drone explosif à Village de Dieu,Specialised PNH units deployed a explosive drone and struck the base of GCO 5 Segonn.,Des unités spécialisées de la PNH ont déployé un drone explosif et frappé la base du GCO 5 Segonn.,,,,,,,Ouest,Port-au-Prince,3e Section Martissant,Village de Dieu,hti:2575923a
121,incident,18.53350449,-72.3385849,2025-11-12,0,1,0,0,FALSE,1 explosive drone in Bas Peu De Choses,1 drone explosif à Bas Peu De Choses,"Task Force units launched a explosive drone toward members of the GCO groups Gran Ravin and 5 Segonn, holed up in a street.","Des unités de la Task Force ont lancé un drone explosif en direction de membres des GCO Gran Ravin et 5 Segonn, retranchés dans une rue.",,,,,,,Ouest,Port-au-Prince,1re Section Turgeau,Bas Peu De Choses,hti:39b4e878
122,incident,18.66323471,-72.18347931,2025-11-14,0,1,0,0,FALSE,1 explosive drone in Daspinosse,1 drone explosif à Daspinosse,PNH officers launched at least a explosive drone towards members of GCO Canaan.,Des membres de la PNH ont lancé au moins un drone explosif en direction des membres de GCO Canaan.,,,,,,,Ouest,Croix-Des-Bouquets,2e Section des Varreux,Daspinosse,hti:8aeded3c
123,incident,18.5621891,-72.32131195,2025-11-16,0,1,0,0,FALSE,1 explosive drone in Village Solidarité,1 drone explosif à Village Solidarité,PNH officers used at least a explosive drone against positions of the members of GCO Simon Pele.,Les membres de la PNH ont fait usage d'au moins un drone explosif contre les positions des membres du GCO Simon Pele.,,,,,,,Ouest,Delmas,1re Section St Martin,Village Solidarité,hti:4b47fbcb
124,incident,18.58221626,-72.24114227,2025-11-16,0,1,0,0,FALSE,1 explosive drone in Marassa,1 drone explosif à Marassa,PNH officers launched at least a explosive drone towards members of GCO 400 Mawozo.,Des membres de la PNH ont lancé au moins un drone explosif en direction des membres du GCO 400 Mawozo.,,,,,,,Ouest,Croix-Des-Bouquets,3e Section Petit Bois,Marassa,hti:8abfb47d
125,incident,18.53722954,-72.35466003,2025-11-17,0,2,0,0,FALSE,2 explosive drones in Village de Dieu,2 drones explosifs à Village de Dieu,PNH officers launched at least two explosive drones against the GCO base 5 segonn.,Des membres de la PNH ont lancé au moins deux drones explosifs contre la base du GCO 5 segonn.,,,,,,,Ouest,Port-au-Prince,3e Section Martissant,Village de Dieu,hti:1d6f983d
126,incident,18.53791046,-72.34721375,2025-11-17,0,1,0,0,FALSE,1 explosive drone in Bas Peu De Choses,1 drone explosif à Bas Peu De Choses,Members of the security forces launched at least a explosive drone towards members of GCO 5 Segonn.,Des membres des forces de l'ordre ont lancé au moins un drone explosif en direction des membres du GCO 5 Segonn.,,,,,,,Ouest,Port-au-Prince,1re Section Turgeau,Bas Peu De Choses,hti:27bcb599
127,incident,18.52924156,-72.32738495,2025-11-17,0,2,0,0,FALSE,2 explosive drones in Pacot,2 drones explosifs à Pacot,PNH officers launched at least two explosive drones in the area against members of GCO Gran Ravin on the move.,Des membres de la PNH ont lancé au moins deux drones explosifs dans la zone contre des membres du GCO Gran Ravin en mouvement.,,,,,,,Ouest,Port-au-Prince,1re Section Turgeau,Pacot,hti:522635f7
128,incident,18.53409386,-72.34116364,2025-11-17,0,1,0,0,FALSE,1 explosive drone in Bas Peu De Choses,1 drone explosif à Bas Peu De Choses,"Members of the security forces used at least a explosive drone, ciblant thus the members of GCO 5 Segonn.","Des membres des forces de l'ordre ont fait au moins usage d'un drone explosif, ciblant ainsi les membres du GCO 5 Segonn.",,,,,,,Ouest,Port-au-Prince,1re Section Turgeau,Bas Peu De Choses,hti:a53b3e97
129,incident,18.54874802,-72.34349823,2025-11-17,0,2,0,0,FALSE,2 explosive drones in Port-au-Prince,2 drones explosifs à Port-au-Prince,PNH officers used at least of 2 explosive drones toward of the members of GCO 5 Segonn.,Les membres de la PNH ont fait usage d'au moins de 2 drones explosifs en direction des membres du GCO 5 Segonn.,,,,,,,Ouest,Port-au-Prince,1re Section Turgeau,Port-au-Prince,hti:d558adfc
130,incident,18.53974533,-72.34438324,2025-11-18,0,1,0,0,FALSE,1 explosive drone in Port-au-Prince,1 drone explosif à Port-au-Prince,PNH officers used at least a explosive drone towards members of GCO 5 Segonn.,Des membres de la PNH ont fait usage d'au moins un drone explosif en direction des membres du GCO 5 Segonn.,,,,,,,Ouest,Port-au-Prince,1re Section Turgeau,Port-au-Prince,hti:efb7c081
131,incident,18.52924156,-72.32738495,2025-11-19,0,2,0,0,FALSE,2 explosive drones in Pacot,2 drones explosifs à Pacot,Members of the security forces launched at least two explosive drones against members of GCO Gran Ravin on the move in the area.,Des membres des forces de l'ordre ont lancé au moins deux drones explosifs contre des membres du GCO Gran Ravin en mouvement dans la zone.,,,,,,,Ouest,Port-au-Prince,1re Section Turgeau,Pacot,hti:7e4e3585
132,incident,18.56266022,-72.34101868,2025-11-21,0,1,0,0,FALSE,1 explosive drone in La Saline,1 drone explosif à La Saline,"Specialised PNH units used a explosive drone against members of GCO as an NGO vehicle was passing, evacuating its activity site because of attacks in the area. No injuries were reported.",Des unités spécialisées de la PNH ont utilisé un drone explosif contre des membres de GCO au moment du passage d’un véhicule d’une ONG qui évacuait le site de son activité en raison des attaques dans la zone. Aucun blessé n’est à signaler.,,,,,,,Ouest,Port-au-Prince,2e Section des Varreux,La Saline,hti:3ce99a70
133,incident,18.55163765,-72.33282471,2025-11-21,0,1,0,0,FALSE,1 explosive drone in Saint-Martin,1 drone explosif à Saint-Martin,PNH officers launched at least a explosive drone towards members of GCO Bel Air.,Des membres de la PNH ont lancé au moins un drone explosif en direction des membres du GCO Bel Air.,,,,,,,Ouest,Port-au-Prince,1re Section Turgeau,Saint-Martin,hti:5d08bfcd
134,incident,18.54841995,-72.34177399,2025-12-07,0,5,0,0,FALSE,5 explosive drones in Centre-Ville,5 drones explosifs à Centre-Ville,PNH officers deployed at least five explosive drones against members of GCO Gran Ravin and 5 Segonn during an operation.,Des agents de la PNH ont déployé au moins cinq drones explosifs contre des membres de GCO Gran Ravin et 5 Segonn lors d’une opération.,,,,,,,Ouest,Port-au-Prince,1re Section Turgeau,Centre-Ville,hti:75454b92
135,incident,18.53722954,-72.35466003,2025-12-07,0,2,0,0,FALSE,2 explosive drones in Village de Dieu,2 drones explosifs à Village de Dieu,PNH units deployed at least two explosive drones ciblant the GCO base 5 Segonn during an operation.,Des unités de la PNH ont déployé au moins deux drones explosifs ciblant la base du GCO 5 Segonn lors d’une opération.,,,,,,,Ouest,Port-au-Prince,3e Section Martissant,Village de Dieu,hti:bd7fa660
136,incident,18.53202248,-72.34081268,2025-12-09,0,1,0,0,FALSE,1 explosive drone in Centre-Ville,1 drone explosif à Centre-Ville,PNH officers deployed at least a explosive drone visant the members of GCO Gran Ravin.,Des agents de la PNH ont déployé au moins un drone explosif visant les membres du GCO Gran Ravin.,,,,,,,Ouest,Port-au-Prince,1re Section Turgeau,Centre-Ville,hti:bd96647f
137,incident,18.53561592,-72.33946991,2025-12-11,0,1,0,0,FALSE,1 explosive drone in Centre-Ville,1 drone explosif à Centre-Ville,Haitian National Police (PNH) officers launched at least a explosive drone visant of the members of the GCO groups 5 Segonn and Gran Ravin.,Des agents de la Police Nationale d’Haïti (PNH) ont lancé au moins un drone explosif visant des membres des GCO 5 Segonn et Gran Ravin.,,,,,,,Ouest,Port-au-Prince,1re Section Turgeau,Centre-Ville,hti:c81d6578
138,incident,18.5321064,-72.33039856,2025-12-13,0,1,0,0,FALSE,1 explosive drone in Turgeau,1 drone explosif à Turgeau,PNH officers deployed at least a explosive drone against members of GCO of Gran Ravin.,Des agents de la PNH ont déployé au moins un drone explosif contre des membres du GCO de Gran Ravin.,,,,,,,Ouest,Port-au-Prince,1re Section Turgeau,Turgeau,hti:da46f393
139,incident,18.53313828,-72.33289337,2025-12-14,0,1,0,0,FALSE,1 explosive drone in Pacot,1 drone explosif à Pacot,"PNH officers deployed at least a explosive drone against members of GCO Gran Ravin, holed up in abandoned homes.","Des agents de la PNH ont déployé au moins un drone explosif contre des membres du GCO Gran Ravin, retranchés dans des habitations abandonnées.",,,,,,,Ouest,Port-au-Prince,1re Section Turgeau,Pacot,hti:7f3fb4a3
140,incident,18.53863716,-72.34761047,2025-12-15,0,1,0,0,FALSE,1 explosive drone in Champs de Mars,1 drone explosif à Champs de Mars,Officers from specialised PNH units used at least a explosive drone against members of the GCO groups Gran Ravin during an operation.,Des agents des unités spécialisées de la PNH ont utilisé au moins un drone explosif contre des membres des GCO Gran Ravin lors d'une opération.,,,,,,,Ouest,Port-au-Prince,1re Section Turgeau,Champs de Mars,hti:776ca309
141,incident,18.53369331,-72.33951569,2025-12-15,0,1,0,0,FALSE,1 explosive drone in Bas Peu De Choses,1 drone explosif à Bas Peu De Choses,Officers from specialised PNH units deployed at least a explosive drone against members of the GCO groups Gran Ravin and 5 Segonn during an operation.,Des agents des unités spécialisées de la PNH ont déployé au moins un drone explosif contre des membres des GCO Gran Ravin et 5 Segonn lors d'une opération.,,,,,,,Ouest,Port-au-Prince,1re Section Turgeau,Bas Peu De Choses,hti:78a7df77
142,incident,18.53674316,-72.3407135,2025-12-16,0,1,0,0,FALSE,1 explosive drone in Morne à Tuf,1 drone explosif à Morne à Tuf,Specialised PNH officers used at least a explosive drone against members of GCO 5 Segonn during an operation.,Des agents spécialis��s de la PNH ont utilisé au moins un drone explosif contre les membres du GCO 5 Segonn lors d'une opération.,,,,,,,Ouest,Port-au-Prince,1re Section Turgeau,Morne à Tuf,hti:944db1d4
143,incident,18.59602737,-72.32808685,2025-12-18,0,2,0,0,FALSE,2 explosive drones in Fontaine,2 drones explosifs à Fontaine,"In the cadre an operation, of the agents d'a unité spécialisée of the PNH have deployed at least two explosive drones visant the GCO base Nan Boston.","Dans le cadre d’une opération, des agents d'une unité spécialisée de la PNH ont déployé au moins deux drones explosifs visant la base du GCO Nan Boston.",,,,,,,Ouest,Cité Soleil,2e Section des Varreux,Fontaine,hti:2c579d41
144,incident,18.59602737,-72.32808685,2025-12-18,0,1,0,0,FALSE,1 explosive drone in Fontaine,1 drone explosif à Fontaine,At least a explosive drone was deployeds by of the members of the PNH against members of GCO Nan Boston.,Au moins un drone explosif a été déployés par des membres de la PNH contre les membres du GCO Nan Boston.,,,,,,,Ouest,Cité Soleil,2e Section des Varreux,Fontaine,hti:387f9f8d
145,incident,18.52417755,-72.22889709,2025-12-18,0,11,0,0,FALSE,11 explosive drones in Pernier,11 drones explosifs à Pernier,"Security-force officers mené a opération targeted against members of GCO Kraze Baryè backed by of the members of GCO 400 Mawozo who came as reinforcements. To the cours of this operation, the forces of l’ordre have eu recours à of the helicopters and at least 11 of the explosive drones were launched, causing panic among the population.","Des agents des forces de l’ordre ont mené une opération ciblée contre les membres du GCO Kraze Baryè appuyés par des membres du GCO 400 Mawozo venus en renfort. Au cours de cette opération, les forces de l’ordre ont eu recours à des hélicoptères et au moins 11 des drones explosifs ont été lancés, provoquant un climat de panique au sein de la population.",,,,,,,Ouest,Pétion-Ville,5e Section Bellevue Chardonnière,Pernier,hti:4313687f
146,incident,18.52700233,-72.37408447,2025-12-18,0,1,0,0,FALSE,1 explosive drone in Fontamara,1 drone explosif à Fontamara,Officers from specialised PNH units used at least a explosive drone against members of GCO of Ti Bwa during an operation.,Des agents des unités spécialisées de la PNH ont utilisé au moins un drone explosif contre des membres du GCO de Ti Bwa lors d'une opération.,,,,,,,Ouest,Carrefour,9e Section Bizoton,Fontamara,hti:7983aed1
147,incident,18.57679939,-72.31973267,2025-12-18,0,1,0,0,FALSE,1 explosive drone in Nanraguette,1 drone explosif à Nanraguette,PNH officers deployed at least a explosive drone against members of GCO Nan Boston.,Des agents de la PNH ont déployé au moins un drone explosif contre les membres du GCO Nan Boston.,,,,,,,Ouest,Cité Soleil,2e Section des Varreux,Nanraguette,hti:e8c51187
148,incident,18.57653999,-72.31655884,2025-12-18,0,1,0,0,FALSE,1 explosive drone in Simon-Pelé,1 drone explosif à Simon-Pelé,PNH officers launched at least a explosive drone against members of GCO holed up in a former public building.,Des agents de la PNH ont lancé au moins un drone explosif contre des membres du GCO retranchés dans un ancien bâtiment public.,,,,,,,Ouest,Delmas,1re Section St Martin,Simon-Pelé,hti:fc0e49b0
149,incident,18.69458389,-72.34993744,2025-12-24,24,3,24,0,TRUE,24 killed in Lafiteau,24 tués à Lafiteau,Security-force officers launched at least 3 explosive drones against positions of the members of GCO 5 Segonn during d'a Christmas party organisée by the latter. At least 24 members présumés of GCO 5 Segonn were killed.,Des agents des forces de l'ordre ont lancé au moins 3 drones explosifs contre des positions des membres du GCO 5 Segonn lors d'une fête de Noël organisée par ces derniers. Au moins 24 membres présumés du GCO 5 Segonn ont été tués.,,,,,,,Ouest,Cabaret,3e Section Source Matelas,Lafiteau,hti:bf851ea3
150,incident,18.53401756,-72.33988953,2025-12-26,0,1,0,0,FALSE,1 explosive drone in Centre-Ville,1 drone explosif à Centre-Ville,PNH officers launched an operation against of the members of GCO Gran Ravin en Using at least a explosive drone.,Des agents de la PNH ont lancé une opération contre des membres du GCO Gran Ravin en utilisant au moins un drone explosif.,,,,,,,Ouest,Port-au-Prince,1re Section Turgeau,Centre-Ville,hti:291f3370
151,incident,18.5472641,-72.34144592,2025-12-27,0,1,0,0,FALSE,1 explosive drone in Centre-Ville,1 drone explosif à Centre-Ville,Specialised PNH officers launched at least a explosive drone against members of the GCO groups 5 Segonn.,Des agents spécialisés de la PNH ont lancé au moins un drone explosif contre les membres des GCO 5 Segonn.,,,,,,,Ouest,Port-au-Prince,1re Section Turgeau,Centre-Ville,hti:355de27e
152,incident,18.54841995,-72.34177399,2025-12-27,0,2,0,0,FALSE,2 explosive drones in Centre-Ville,2 drones explosifs à Centre-Ville,PNH officers launched at least two explosive drones during an operation targeted against members of the GCO groups 5 Segonn and those of Gran Ravin.,Des agents de la PNH ont lancé au moins deux drones explosifs au cours d’une opération ciblée contre les membres des GCO 5 Segonn et ceux de Gran Ravin.,,,,,,,Ouest,Port-au-Prince,1re Section Turgeau,Centre-Ville,hti:a8f672c5
153,incident,18.54997063,-72.33616638,2025-12-27,0,2,0,0,FALSE,2 explosive drones in Bel Air,2 drones explosifs à Bel Air,Specialised PNH units deployed at least two explosive drones against members of GCO Bel Air.,Des unités spécialisées de la PNH ont déployé au moins deux drones explosifs contre des membres du GCO Bel Air.,,,,,,,Ouest,Port-au-Prince,1re Section Turgeau,Bel Air,hti:c6ec4de8
154,incident,18.53209305,-72.34026337,2025-12-28,0,1,0,0,FALSE,1 explosive drone in Morne à Tuf,1 drone explosif à Morne à Tuf,Officers from a specialised PNH unit deployed a explosive drone visant the members of GCO Gran Ravin.,Des agents d'une unité spécialisée de la PNH ont déployé un drone explosif visant les membres du GCO Gran Ravin.,,,,,,,Ouest,Port-au-Prince,1re Section Turgeau,Morne à Tuf,hti:4de60c2d
155,incident,18.53581047,-72.33976746,2025-12-28,0,1,0,0,FALSE,1 explosive drone in Centre-Ville,1 drone explosif à Centre-Ville,"Of the agents of l’unité spécialisée of the PNH have deployed at least a explosive drone visant of the members of GCO 5 Segonn, holed up in homes à proximité of the civilian population.","Des agents de l’unité spécialisée de la PNH ont déployé au moins un drone explosif visant des membres du GCO 5 Segonn, retranchés dans des habitations à proximité de la population civile.",,,,,,,Ouest,Port-au-Prince,1re Section Turgeau,Centre-Ville,hti:d1958ed8
156,incident,18.54016113,-72.34607697,2025-12-29,0,1,0,0,FALSE,1 explosive drone in Centre-Ville,1 drone explosif à Centre-Ville,PNH officers mener of the opération against members of GCO Grand Ravin en Using at least a explosive drone.,Des agents de la PNH ont mener des opération contre des membres du GCO Grand Ravin en utilisant au moins un drone explosif.,,,,,,,Ouest,Port-au-Prince,1re Section Turgeau,Centre-Ville,hti:02ec2a0f
157,incident,18.53288078,-72.34468842,2025-12-29,0,1,0,0,FALSE,1 explosive drone in Centre-Ville,1 drone explosif à Centre-Ville,Specialised PNH units deployed at least a explosive drone against members of GCO of Grand Ravin.,Des unités spécialisées de la PNH ont déployé au moins un drone explosif contre des membres du GCO de Grand Ravin.,,,,,,,Ouest,Port-au-Prince,1re Section Turgeau,Centre-Ville,hti:4e7e53ba
158,incident,18.5340271,-72.33987427,2025-12-29,0,1,0,0,FALSE,1 explosive drone in Centre-Ville,1 drone explosif à Centre-Ville,"Haitian National Police officers attacked members of GCO Grand Ravin, Using at least a explosive drone during of l’opération menée in the area.","Des agents de la Police nationale d’Haïti ont attaqué des membres du GCO Grand Ravin, utilisant au moins un drone explosif lors de l’opération menée dans la zone.",,,,,,,Ouest,Port-au-Prince,1re Section Turgeau,Centre-Ville,hti:57cf7fe1
159,incident,18.53580475,-72.33976746,2025-12-29,0,1,0,0,FALSE,1 explosive drone in Centre-Ville,1 drone explosif à Centre-Ville,Specialised PNH units utiliser at least a explosive drone against members of GCO Grand Ravin.,Des unités spécialisées de la PNH ont utiliser au moins un drone explosif contre des membres du GCO Grand Ravin.,,,,,,,Ouest,Port-au-Prince,1re Section Turgeau,Centre-Ville,hti:67c836ef
160,incident,18.5427742,-72.34497833,2025-12-30,0,4,0,0,FALSE,4 explosive drones in Centre-Ville,4 drones explosifs à Centre-Ville,"To the cours an operation targeted, of the agents of the PNH have deployed at least four explosive drones against members of the GCO groups Gran Ravin.","Au cours d’une opération ciblée, des agents de la PNH ont déployé au moins quatre drones explosifs contre les membres des GCO Gran Ravin.",,,,,,,Ouest,Port-au-Prince,1re Section Turgeau,Centre-Ville,hti:c99eeb07
161,incident,18.55064011,-72.33655548,2025-12-30,0,6,0,0,FALSE,6 explosive drones in Bel Air,6 drones explosifs à Bel Air,"PNH officers deployed at least six explosive drones against members of the GCO groups Bel Air, during an operation targeted. Weapons and money were recovered, and at least a maison a been détruite.","Des agents de la PNH ont déployé au moins six drones explosifs contre les membres des GCO Bel Air, au cours d’une opération ciblée. Des armes et de l’argent ont été récupérés, et au moins une maison a été détruite.",,,,,,,Ouest,Port-au-Prince,1re Section Turgeau,Bel Air,hti:ead8de5b
162,incident,18.69059944,-72.35199738,2025-12-31,0,2,0,0,FALSE,2 explosive drones in Lafiteau,2 drones explosifs à Lafiteau,Members of the security forces deployed at least two explosive drones against members of GCO 5 Segonn.,Des membres des forces de l'ordre ont déployé au moins deux drones explosifs contre des membres du GCO 5 Segonn.,,,,,,,Ouest,Cabaret,3e Section Source Matelas,Lafiteau,hti:9c6afb1a
163,incident,18.54893112,-72.34342957,2026-01-01,0,2,0,0,FALSE,2 explosive drones in Port-au-Prince,2 drones explosifs à Port-au-Prince,Specialised PNH units launched at least two explosive drones toward of the members of GCO 5 Segonn.,Des unités spécialisées de la PNH ont lancé au moins deux drones explosifs en direction des membres du GCO 5 Segonn.,,,,,,,Ouest,Port-au-Prince,1re Section Turgeau,Port-au-Prince,hti:2f2dff8a
164,incident,18.5420742,-72.34510803,2026-01-02,12,3,12,0,TRUE,12 killed in Morne à Tuf,12 tués à Morne à Tuf,Specialised security-force units deployed at least three explosive drones toward of the members of GCO 5 Segonn. At least 12 members of GCO were killed.,Des unités spécialisées des forces de l'ordres ont déployé au moins trois drones explosifs en direction des membres du GCO 5 Segonn. Au moins 12 membres du GCO ont été tués.,,,,,,,Ouest,Port-au-Prince,1re Section Turgeau,Morne à Tuf,hti:b32c561f
165,incident,18.54863167,-72.34220123,2026-01-03,0,2,0,0,FALSE,2 explosive drones in Centre-Ville,2 drones explosifs à Centre-Ville,PNH officers launched at least two explosive drones ciblant of the members of GCO 5 Segonn and of GCO Gran Ravin.,Des agents de la PNH ont lancé au moins deux drones explosifs ciblant des membres du GCO 5 Segonn et du GCO Gran Ravin.,,,,,,,Ouest,Port-au-Prince,1re Section Turgeau,Centre-Ville,hti:07532626
166,incident,18.53585625,-72.33976746,2026-01-03,0,1,0,0,FALSE,1 explosive drone in Morne à Tuf,1 drone explosif à Morne à Tuf,PNH officers deployed at least a explosive drone against members of GCO 5 Segonn holed up in abandoned homes.,Des agents de la PNH ont déployé au moins un drone explosif contre des membres du GCO 5 Segonn retranchés dans des habitations abandonnées.,,,,,,,Ouest,Port-au-Prince,1re Section Turgeau,Morne à Tuf,hti:104654b6
167,incident,18.76932716,-72.46908569,2026-01-03,0,1,0,0,FALSE,1 explosive drone in Bercy,1 drone explosif à Bercy,Specialised PNH units deployed at least a explosive drone towards members of GCO 5 Segonn.,Des unités spécialisées de la PNH ont déployé au moins un drone explosif en direction des membres du GCO 5 Segonn.,,,,,,,Ouest,Cabaret,2e Section Boucassin,Bercy,hti:cbdf6f76
168,incident,18.5512619,-72.33972168,2026-01-05,16,1,0,16,TRUE,16 wounded in Centre-Ville,16 blessés à Centre-Ville,PNH officers deployed at least a explosive drone during an operation visant of the members of GCO Krache Dife and Bel-Air. At least sixteen suspected members of the groupe were wounded.,Des agents de la PNH ont déployé au moins un drone explosif lors d’une opération visant des membres du GCO Krache Dife et de Bel-Air. Au moins seize présumés membres du groupe ont été blessés.,,,,,,,Ouest,Port-au-Prince,1re Section Turgeau,Centre-Ville,hti:39718e0d
169,incident,18.53350449,-72.3385849,2026-01-05,0,2,0,0,FALSE,2 explosive drones in Bas Peu De Choses,2 drones explosifs à Bas Peu De Choses,PNH officers deployed at least two explosive drones against members of the GCO groups Gran Ravin and 5 Segonn.,Des agents de la PNH ont déployé au moins deux drones explosifs contre des membres des GCO Gran Ravin et 5 Segonn.,,,,,,,Ouest,Port-au-Prince,1re Section Turgeau,Bas Peu De Choses,hti:6c6ab36f
170,incident,18.53147507,-72.33640289,2026-01-06,0,2,0,0,FALSE,2 explosive drones in Bas Peu De Choses,2 drones explosifs à Bas Peu De Choses,Of the agents d’a unité spécialisée of the PNH have used at least two explosive drones during an operation targeted against members of GCO of Grand Ravin.,Des agents d’une unité spécialisée de la PNH ont fait usage d’au moins deux drones explosifs lors d���une opération ciblée contre les membres du GCO de Grand Ravin.,,,,,,,Ouest,Port-au-Prince,1re Section Turgeau,Bas Peu De Choses,hti:1bbe09ad
171,incident,18.55059814,-72.33677673,2026-01-06,1,2,1,0,TRUE,1 killed in Bel Air,1 tué à Bel Air,"Seven volunteer community health workers were trapped for several hours in a school building utilisé to of the medical activities by a international NGO, during clashes between GCO members and the PNH. Explosive drones have been also utilisés à proximité of the medical facility and many civilians were harmed including a former community volunteer with lequel l’organisation avait collaboré en 2025 who died of his injuries in front of the building gate.","Sept agents de santé communautaires volontaires ont été piégés pendant plusieurs heures dans un bâtiment scolaire utilisé pour des activités médicales par une ONG internationale, lors d’affrontements entre les membres d’un GCO et la PNH. Des drones explosifs ont été également utilisés à proximité de la structure médicale et de nombreux civils ont été victimes dont un ancien volontaire communautaire avec lequel l’organisation avait collaboré en 2025 qui a succombé à ses blessures devant le portail du bâtiment.",,,,,,,Ouest,Port-au-Prince,1re Section Turgeau,Bel Air,hti:31eb75d1
172,incident,18.55784607,-72.3303299,2026-01-06,0,2,0,0,FALSE,2 explosive drones in Delmas 6,2 drones explosifs à Delmas 6,PNH officers deployed at least two explosive drones during an operation against members of GCO Delmas 6.,Des agents de la PNH ont déployé au moins deux drones explosifs lors d’une opération contre les membres du GCO Delmas 6.,,,,,,,Ouest,Delmas,1re Section St Martin,Delmas 6,hti:a24ba546
173,incident,18.55068016,-72.33643341,2026-01-06,0,5,0,0,FALSE,5 explosive drones in Bel Air,5 drones explosifs à Bel Air,"Specialised PNH officers used at least five drones against the GCO of Bel-Air, following violent clashes.","Des agents spécialisés de la PNH ont fait usage d’au moins cinq drones contre le GCO de Bel-Air, à la suite de violents affrontements.",,,,,,,Ouest,Port-au-Prince,1re Section Turgeau,Bel Air,hti:f17b692f
174,incident,18.53859901,-72.34758759,2026-01-06,0,3,0,0,FALSE,3 explosive drones in Morne à Tuf,3 drones explosifs à Morne à Tuf,PNH officers used at least three explosive drones against members of the GCO groups 5 Segonn and Gran Ravin during an operation.,Des agents de la PNH ont utilisé au moins trois drones explosifs contre les membres des GCO 5 Segonn et Gran Ravin lors d’une opération.,,,,,,,Ouest,Port-au-Prince,1re Section Turgeau,Morne à Tuf,hti:ffe53c02
175,incident,18.55594444,-72.34490967,2026-01-07,0,3,0,0,FALSE,3 explosive drones in La Saline,3 drones explosifs à La Saline,PNH officers launched at least three explosive drones visant the members of GCO Nan Chabon during an operation.,Des agents de la PNH ont lancé au moins trois drones explosifs visant les membres du GCO Nan Chabon lors d'une opération.,,,,,,,Ouest,Port-au-Prince,2e Section des Varreux,La Saline,hti:44f62642
176,incident,18.54997063,-72.33616638,2026-01-07,0,2,0,0,FALSE,2 explosive drones in Bel Air,2 drones explosifs à Bel Air,PNH officers launched at least two drones and have struck the base of GCO of Bel-Air during an operation.,Des agents de la PNH ont lancé au moins deux drones et ont frappé la base du GCO de Bel-Air au cours d'une opération.,,,,,,,Ouest,Port-au-Prince,1re Section Turgeau,Bel Air,hti:cd55b5bd
177,incident,18.53846359,-72.3460083,2026-01-08,0,2,0,0,FALSE,2 explosive drones in Morne à Tuf,2 drones explosifs à Morne à Tuf,"PNH officers launched at least two explosive drones during an operation visant the members of GCO Gran Ravin, holed up in homes.","Des agents de la PNH ont lancé au moins deux drones explosifs lors d’une opération visant les membres du GCO Gran Ravin, retranchés dans des habitations.",,,,,,,Ouest,Port-au-Prince,1re Section Turgeau,Morne à Tuf,hti:c6776da1
178,incident,18.54443741,-72.34461975,2026-01-08,0,1,0,0,FALSE,1 explosive drone in Centre-Ville,1 drone explosif à Centre-Ville,PNH officers used at least a explosive drone against the GCO 5 Segonn during an operation.,Des agents de la PNH ont fait usage d’au moins un drone explosif contre le GCO 5 Segonn lors d’une opération.,,,,,,,Ouest,Port-au-Prince,1re Section Turgeau,Centre-Ville,hti:e2b3784c
179,incident,18.54009247,-72.35315704,2026-01-10,0,2,0,0,FALSE,2 explosive drones in Village de Dieu,2 drones explosifs à Village de Dieu,Officers from a specialised PNH unit deployed at least two explosive drones toward of the members of GCO 5 Segonn.,Des agents d'une unité spécialisée de la PNH ont déployé au moins deux drones explosifs en direction des membres du GCO 5 Segonn.,,,,,,,Ouest,Port-au-Prince,3e Section Martissant,Village de Dieu,hti:204560ae
180,incident,18.54731369,-72.34347534,2026-01-10,0,1,0,0,FALSE,1 explosive drone in Centre-Ville,1 drone explosif à Centre-Ville,PNH officers launched at least a explosive drone against members of GCO of Gran Ravin.,Des membres de la PNH ont lancé au moins un drone explosif contre des membres du GCO de Gran Ravin.,,,,,,,Ouest,Port-au-Prince,1re Section Turgeau,Centre-Ville,hti:6c021369
181,incident,18.54997063,-72.33616638,2026-01-12,0,10,0,0,FALSE,10 explosive drones in Bel Air,10 drones explosifs à Bel Air,PNH officers used at least 10 explosive drones during an operation ciblant the members of GCO à Bel-Air.,Des agents de la PNH ont utilisé au moins 10 drones explosifs lors d’une opération ciblant les membres du GCO à Bel-Air.,,,,,,,Ouest,Port-au-Prince,1re Section Turgeau,Bel Air,hti:376bda20
182,incident,18.53861237,-72.34758759,2026-01-12,0,4,0,0,FALSE,4 explosive drones in Morne à Tuf,4 drones explosifs à Morne à Tuf,PNH officers deployed at least four explosive drones against members of GCO 5 Segonn and Gran Ravin during an operation.,Des agents de la PNH ont déployé au moins quatre drones explosifs contre les membres du GCO 5 Segonn et Gran Ravin lors d'une opération.,,,,,,,Ouest,Port-au-Prince,1re Section Turgeau,Morne à Tuf,hti:56265b75
183,incident,18.55067635,-72.33673096,2026-01-14,49,3,0,49,TRUE,49 wounded in Bel Air,49 blessés à Bel Air,"Officers from various specialised PNH units launched at least three explosive-laden drones against the GCO base of Bel-Air, provoquant the destruction of plusieurs habitations. At least 49 personnes are woundedes.","Des agents de différentes unités spécialisées de la PNH ont lancé au moins trois drones à charge explosive contre la base du GCO de Bel-Air, provoquant la destruction de plusieurs habitations. Au moins 49 personnes sont blessées.",,,,,,,Ouest,Port-au-Prince,1re Section Turgeau,Bel Air,hti:4b9a578a
184,incident,18.53581047,-72.33976746,2026-01-15,0,2,0,0,FALSE,2 explosive drones in Centre-Ville,2 drones explosifs à Centre-Ville,PNH units deployed at least two explosive drones against members of the GCO groups of Gran Ravin.,Des unités de la PNH ont déployé au moins deux drones explosifs contre les membres des GCO de Gran Ravin.,,,,,,,Ouest,Port-au-Prince,1re Section Turgeau,Centre-Ville,hti:90e9030e
185,incident,18.54319382,-72.34487915,2026-01-15,0,1,0,0,FALSE,1 explosive drone in Bas Peu De Choses,1 drone explosif à Bas Peu De Choses,PNH units used at least a explosive drone to target of the members of GCO of Gran Ravin.,Des unités de la PNH ont utilisé au moins un drone explosif pour cibler des membres du GCO de Gran Ravin.,,,,,,,Ouest,Port-au-Prince,1re Section Turgeau,Bas Peu De Choses,hti:ac38a148
186,incident,18.53858376,-72.35452271,2026-01-17,0,1,0,0,FALSE,1 explosive drone in Village de Dieu,1 drone explosif à Village de Dieu,Officers from a specialised PNH unit deployed at least a explosive drone towards members of GCO 5 Segonn.,Des agents d'une unité spécialisée de la PNH ont déployé au moins un drone explosif en direction des membres du GCO 5 Segonn.,,,,,,,Ouest,Port-au-Prince,3e Section Martissant,Village de Dieu,hti:2343bf9c
187,incident,18.53396225,-72.32727814,2026-01-17,0,1,0,0,FALSE,1 explosive drone in Pacot,1 drone explosif à Pacot,PNH officers launched at least a explosive drone visant the members of GCO Gran Ravin.,Des agents de la PNH ont lancé au moins un drone explosif visant les membres du GCO Gran Ravin.,,,,,,,Ouest,Port-au-Prince,1re Section Turgeau,Pacot,hti:d7dfb236
188,incident,18.53580475,-72.33976746,2026-01-18,0,1,0,0,FALSE,1 explosive drone in Centre-Ville,1 drone explosif à Centre-Ville,PNH officers deployed at least a explosive drone visant of the members of GCO 5 Segonn during an operation.,Des agents de la PNH ont déployé au moins un drone explosif visant des membres du GCO 5 Segonn lors d'une opération.,,,,,,,Ouest,Port-au-Prince,1re Section Turgeau,Centre-Ville,hti:66c9cf19
189,incident,18.53569794,-72.33946991,2026-01-18,0,1,0,0,FALSE,1 explosive drone in Morne à Tuf,1 drone explosif à Morne à Tuf,"PNH officers launched at least a explosive drone against members of GCO 5 Segonn, during an operation aimed at dislodging them of plusieurs habitations abandonnées.","Des agents de la PNH ont lancé au moins un drone explosif contre des membres du GCO 5 Segonn, au cours d’une opération visant à les déloger de plusieurs habitations abandonnées.",,,,,,,Ouest,Port-au-Prince,1re Section Turgeau,Morne à Tuf,hti:8296994a
190,incident,18.53167152,-72.33322906,2026-01-19,0,1,0,0,FALSE,1 explosive drone in Pacot,1 drone explosif à Pacot,PNH officers launched at least a explosive drone against members of GCO Gran Ravin during an intervention.,Des agents de la PNH ont lancé au moins un drone explosif contre des membres du GCO Gran Ravin lors d'une intervention.,,,,,,,Ouest,Port-au-Prince,1re Section Turgeau,Pacot,hti:15dd3952
191,incident,18.53377533,-72.33979797,2026-01-19,0,1,0,0,FALSE,1 explosive drone in Morne à Tuf,1 drone explosif à Morne à Tuf,PNH officers deployed at least a explosive drone against members of GCO Gran Ravin during an operation.,Des agents de la PNH ont déployé au moins un drone explosif contre des membres du GCO Gran Ravin lors d'une opération.,,,,,,,Ouest,Port-au-Prince,1re Section Turgeau,Morne à Tuf,hti:d426dd33
192,incident,18.53154755,-72.33726501,2026-01-22,0,1,0,0,FALSE,1 explosive drone in Morne à Tuf,1 drone explosif à Morne à Tuf,PNH officers deployed a explosive drone against members of GCO 5 Segonn during an operation.,Des agents de la PNH ont déployé un drone explosif contre des membres du GCO 5 Segonn lors d'une opération.,,,,,,,Ouest,Port-au-Prince,1re Section Turgeau,Morne à Tuf,hti:18bdf8b3
193,incident,18.53574562,-72.33963013,2026-01-23,0,5,0,0,FALSE,5 explosive drones in Morne à Tuf,5 drones explosifs à Morne à Tuf,PNH officers used at least five explosive drones during an operation against members of GCO 5 Segonn.,Des agents de la PNH ont utilisé au moins cinq drones explosifs au cours d’une opération contre les membres du GCO 5 Segonn.,,,,,,,Ouest,Port-au-Prince,1re Section Turgeau,Morne à Tuf,hti:66e56d0a
194,incident,18.54841995,-72.34177399,2026-01-24,0,6,0,0,FALSE,6 explosive drones in Centre-Ville,6 drones explosifs à Centre-Ville,"Specialised PNH officers mené a opération targeted against the GCO of Gran Ravin. During this operation, ils have used at least six explosive drones.","Des agents spécialisés de la PNH ont mené une opération ciblée contre le GCO de Gran Ravin. Lors de cette opération, ils ont fait usage d’au moins six drones explosifs.",,,,,,,Ouest,Port-au-Prince,1re Section Turgeau,Centre-Ville,hti:7cbdb79e
195,incident,18.53580475,-72.33976746,2026-01-26,0,2,0,0,FALSE,2 explosive drones in Morne à Tuf,2 drones explosifs à Morne à Tuf,Specialised PNH units launched an offensive and deployed at least two explosive drones ciblant of the members of GCO of 5 Segonn.,Des unités spécialisées de la PNH ont lancé une offensive et déployé au moins deux drones explosifs ciblant des membres du GCO de 5 Segonn.,,,,,,,Ouest,Port-au-Prince,1re Section Turgeau,Morne à Tuf,hti:a5b1bdb6
196,incident,18.54212761,-72.34525299,2026-01-26,0,1,0,0,FALSE,1 explosive drone in Morne à Tuf,1 drone explosif à Morne à Tuf,"PNH officers deployed at least a explosive drone during of leurs offensives against members of GCO 5 Segonn, holed up in homes.","Des agents de la PNH ont déployé au moins un drone explosif lors de leurs offensives contre les membres du GCO 5 Segonn, retranchés dans des habitations.",,,,,,,Ouest,Port-au-Prince,1re Section Turgeau,Morne à Tuf,hti:b0d7faa1
197,incident,18.54997063,-72.33616638,2026-01-29,0,2,0,0,FALSE,2 explosive drones in Bel Air,2 drones explosifs à Bel Air,PNH officers deployed at least two explosive drones during an operation ciblant the members of GCO Bel‑Air and of Krache Dife.,Des agents de la PNH ont déployé au moins deux drones explosifs au cours d’une opération ciblant les membres du GCO Bel‑Air et de Krache Dife.,,,,,,,Ouest,Port-au-Prince,1re Section Turgeau,Bel Air,hti:bcd39d6e
198,incident,18.53123665,-72.34975433,2026-01-31,0,1,0,0,FALSE,1 explosive drone in 2ème Avenue Bolosse,1 drone explosif à 2ème Avenue Bolosse,PNH officers deployed at least a explosive drone against members of GCO Gran Ravin.,Des agents de la PNH ont déployé au moins un drone explosif contre des membres du GCO Gran Ravin.,,,,,,,Ouest,Port-au-Prince,3e Section Martissant,2ème Avenue Bolosse,hti:080da732
199,incident,18.56218529,-72.28340912,2026-01-31,0,1,0,0,FALSE,1 explosive drone in Carrefour Feuilles,1 drone explosif à Carrefour Feuilles,Specialised PNH units launched at least a explosive drone toward members of GCO Gran Ravin.,Des unités spécialisées de la PNH ont lancé au moins un drone explosif en direction de membres du GCO Gran Ravin.,,,,,,,Ouest,Port-au-Prince,3e Section Martissant,Carrefour Feuilles,hti:0ccc09e0
200,incident,18.54015923,-72.3460083,2026-02-04,0,1,0,0,FALSE,1 explosive drone in Morne à Tuf,1 drone explosif à Morne à Tuf,PNH officers launched at least a explosive drone ciblant of the members of GCO 5 Segonn.,Des agents de la PNH ont lancé au moins un drone explosif ciblant des membres du GCO 5 Segonn.,,,,,,,Ouest,Port-au-Prince,1re Section Turgeau,Morne à Tuf,hti:6282a5db
201,incident,18.53100586,-72.32395172,2026-02-04,0,1,0,0,FALSE,1 explosive drone in Turgeau,1 drone explosif à Turgeau,PNH officers launched at least a explosive drone during an operation targeted against members of the GCO groups Gran Ravin.,Des agents de la PNH ont lancé au moins un drone explosif au cours d’une opération ciblée contre les membres des GCO Gran Ravin.,,,,,,,Ouest,Port-au-Prince,1re Section Turgeau,Turgeau,hti:c402c089
202,incident,18.53546524,-72.33055878,2026-02-05,0,3,0,0,FALSE,3 explosive drones in Pacot,3 drones explosifs à Pacot,PNH officers deployed at least three explosive drones against members of GCO Gran Ravin during an intervention.,Des agents de la PNH ont déployé au moins trois drones explosifs contre des membres du GCO Gran Ravin lors d’une intervention.,,,,,,,Ouest,Port-au-Prince,1re Section Turgeau,Pacot,hti:0366dff5
203,incident,18.52804947,-72.35027313,2026-02-05,0,1,0,0,FALSE,1 explosive drone in 2ème Avenue Bolosse,1 drone explosif à 2ème Avenue Bolosse,PNH officers launched at least a explosive drone towards members of GCO Gran Ravin.,Des agents de la PNH ont lancé au moins un drone explosif en direction des membres du GCO Gran Ravin.,,,,,,,Ouest,Port-au-Prince,3e Section Martissant,2ème Avenue Bolosse,hti:26996d28
204,incident,18.52641106,-72.35604095,2026-02-08,0,1,0,0,FALSE,1 explosive drone in Martissant,1 drone explosif à Martissant,"PNH officers deployed at least a explosive drone toward the GCO base 5 segonn, as part of an operation.","Des agents de la PNH ont déployé au moins un drone explosif en direction de la base du GCO 5 segonn, dans le cadre d’une opération.",,,,,,,Ouest,Port-au-Prince,3e Section Martissant,Martissant,hti:5396b7cd
205,incident,18.53055382,-72.35027313,2026-02-08,0,1,0,0,FALSE,1 explosive drone in Bolosse,1 drone explosif à Bolosse,PNH officers launched at least a explosive drone towards members of GCO Gran Ravin.,Des agents de la PNH ont lancé au moins un drone explosif en direction des membres du GCO Gran Ravin.,,,,,,,Ouest,Port-au-Prince,1re Section Turgeau,Bolosse,hti:88a6ce90
206,incident,18.53070831,-72.36125946,2026-02-09,2,2,2,0,TRUE,2 killed in Martissant,2 tués à Martissant,PNH officers deployed at least two explosive drones against members of GCO Gran Ravin. The explosion killed at least two personnes.,Des agents de la PNH ont déployé au moins deux drones explosifs contre des membres du GCO Gran Ravin. L’explosion a causé la mort d’au moins deux personnes.,,,,,,,Ouest,Port-au-Prince,3e Section Martissant,Martissant,hti:28140137
207,incident,18.53037071,-72.34946442,2026-02-14,0,1,0,0,FALSE,1 explosive drone in Bolosse,1 drone explosif à Bolosse,PNH officers launched at least a explosive drone against members of GCO Grand Ravin.,Des agents de la PNH ont lancé au moins un drone explosif contre des membres du GCO Grand Ravin.,,,,,,,Ouest,Port-au-Prince,3e Section Martissant,Bolosse,hti:f8e30977
208,incident,18.55056763,-72.33668518,2026-02-14,0,1,0,0,FALSE,1 explosive drone in Bel Air,1 drone explosif à Bel Air,PNH officers launched at least a explosive drone towards members of GCO Bel-Air.,Des agents de la PNH ont lancé au moins un drone explosif en direction des membres du GCO Bel-Air.,,,,,,,Ouest,Port-au-Prince,1re Section Turgeau,Bel Air,hti:fadc97d9
209,incident,18.53581238,-72.33950806,2026-02-15,0,2,0,0,FALSE,2 explosive drones in Morne à Tuf,2 drones explosifs à Morne à Tuf,PNH officers deployed at least two explosive drones against GCO positions 5 Segonn.,Des agents de la PNH ont déployé au moins deux drones explosifs contre les positions du GCO 5 Segonn.,,,,,,,Ouest,Port-au-Prince,1re Section Turgeau,Morne à Tuf,hti:8cb58876
210,incident,18.53387642,-72.34018707,2026-02-17,0,1,0,0,FALSE,1 explosive drone in Centre-Ville,1 drone explosif à Centre-Ville,Members of the security forces launched at least a explosive drone against positions of the members of GCO Gran Ravin.,Des membres des forces de l'ordre ont lancé au moins un drone explosif contre des positions des membres du GCO Gran Ravin.,,,,,,,Ouest,Port-au-Prince,1re Section Turgeau,Centre-Ville,hti:2e94d018
211,incident,18.52924156,-72.32738495,2026-02-17,0,1,0,0,FALSE,1 explosive drone in Pacot,1 drone explosif à Pacot,Members of the security forces launched at least a explosive drone against positions of the members of GCO Gran Ravin.,Des membres des forces de l'ordre ont lancé au moins un drone explosif contre des positions des membres du GCO Gran Ravin.,,,,,,,Ouest,Port-au-Prince,1re Section Turgeau,Pacot,hti:691fdfaa
212,incident,18.52736855,-72.35704803,2026-02-18,0,4,0,0,FALSE,4 explosive drones in Martissant,4 drones explosifs à Martissant,PNH officers deployed at least 4 explosive drones against members of GCO Gran Ravin.,Des agents de la PNH ont déployé au moins 4 drones explosifs contre des membres du GCO Gran Ravin.,,,,,,,Ouest,Port-au-Prince,3e Section Martissant,Martissant,hti:1ac41e30
213,incident,18.53722954,-72.35466003,2026-02-18,0,1,0,0,FALSE,1 explosive drone in Village de Dieu,1 drone explosif à Village de Dieu,PNH officers launched at least a explosive drone against members of GCO 5 Segonn.,Des agents de la PNH ont lancé au moins un drone explosif contre des membres du GCO 5 Segonn.,,,,,,,Ouest,Port-au-Prince,3e Section Martissant,Village de Dieu,hti:84899ca1
214,incident,18.53206825,-72.34104919,2026-02-19,0,1,0,0,FALSE,1 explosive drone in Bas Peu De Choses,1 drone explosif à Bas Peu De Choses,"PNH officers deployed at least a explosive drone against members of GCO Gran Ravin, who étaient holed up in abandoned homes.","Des agents de la PNH ont déployé au moins un drone explosif contre les membres du GCO Gran Ravin, qui étaient retranchés dans des habitations abandonnées.",,,,,,,Ouest,Port-au-Prince,1re Section Turgeau,Bas Peu De Choses,hti:597f8d6b
215,incident,18.53596306,-72.33979797,2026-02-20,0,1,0,0,FALSE,1 explosive drone in Morne à Tuf,1 drone explosif à Morne à Tuf,PNH officers launched at least a explosive drone against members of GCO 5 Segonn.,Des agents de PNH ont lancé au moins un drone explosif contre des membres du GCO 5 Segonn.,,,,,,,Ouest,Port-au-Prince,1re Section Turgeau,Morne à Tuf,hti:34dcc841
216,incident,18.53722954,-72.35466003,2026-02-20,0,1,0,0,FALSE,1 explosive drone in Village de Dieu,1 drone explosif à Village de Dieu,PNH officers launched at least a explosive drone ciblant of the members of GCO 5 Segonn.,Des agents de la PNH ont lancé au moins un drone explosif ciblant des membres du GCO 5 Segonn.,,,,,,,Ouest,Port-au-Prince,3e Section Martissant,Village de Dieu,hti:50e6da5b
217,incident,18.53598404,-72.33984375,2026-02-21,0,1,0,0,FALSE,1 explosive drone in Morne à Tuf,1 drone explosif à Morne à Tuf,PNH officers deployed at least a explosive drone as part of an operation ciblant of the members of GCO 5 Segonn.,Des agents de la PNH ont déployé au moins un drone explosif dans le cadre d’une opération ciblant des membres du GCO 5 Segonn.,,,,,,,Ouest,Port-au-Prince,1re Section Turgeau,Morne à Tuf,hti:58088be5
218,incident,18.4478035,-72.3066864,2026-02-21,16,4,16,0,TRUE,16 killed in Godet,16 tués à Godet,PNH officers used quatres explosive drones during an operation. At least sixteen members of GCO 5 Segonn were killed. Of the houses were completely destroyed.,Des agents de la PNH ont fait usage de quatres drones explosifs lors d'une opération. Au moins seize membres du GCO 5 Segonn ont été tué. Des maisons ont été totalement détruites.,,,,,,,Ouest,Kenscoff,3e Section Sourcailles,Godet,hti:83a23e0c
219,incident,18.57754326,-72.22962189,2026-02-27,0,4,0,0,FALSE,4 explosive drones in Croix-des-Bouquets,4 drones explosifs à Croix-des-Bouquets,"PNH officers launched at least 4 explosive drones against members of GCO 400 Mawozo, during an operation.","Des agents de la PNH ont lancé au moins 4 drones explosifs contre les membres du GCO 400 Mawozo, lors d'une opération.",,,,,,,Ouest,Croix-Des-Bouquets,2e Section des Varreux,Croix-des-Bouquets,hti:a8a87737
220,incident,18.52736855,-72.35704803,2026-03-01,0,4,0,0,FALSE,4 explosive drones in Martissant,4 drones explosifs à Martissant,PNH officers launched at least four explosive drones against members of GCO Gran Ravin.,Des agents de la PNH ont lancé au moins quatre drones explosifs contre les membres du GCO Gran Ravin.,,,,,,,Ouest,Port-au-Prince,3e Section Martissant,Martissant,hti:1cffa97b
221,incident,18.52700233,-72.37408447,2026-03-01,0,4,0,0,FALSE,4 explosive drones in Fontamara,4 drones explosifs à Fontamara,PNH officers deployed at least four explosive drones toward of the members of GCO Tibwa.,Des agents de la PNH ont déployé au moins quatre drones explosifs en direction des membres du GCO Tibwa.,,,,,,,Ouest,Carrefour,9e Section Bizoton,Fontamara,hti:8635cdf3
222,incident,18.53884506,-72.34600067,2026-03-01,0,2,0,0,FALSE,2 explosive drones in Morne à Tuf,2 drones explosifs à Morne à Tuf,PNH officers deployed at least two explosive drones toward of the members of GCO 5 Segonn.,Des agents de la PNH ont déployé au moins deux drones explosifs en direction des membres du GCO 5 Segonn.,,,,,,,Ouest,Port-au-Prince,1re Section Turgeau,Morne à Tuf,hti:c6503375
223,incident,18.53445435,-72.34236145,2026-03-01,0,1,0,0,FALSE,1 explosive drone in Morne à Tuf,1 drone explosif à Morne à Tuf,PNH officers launched at least a explosive drone against members of GCO 5 Segonn.,Des agents de la PNH ont lancé au moins un drone explosif contre des membres du GCO 5 Segonn.,,,,,,,Ouest,Port-au-Prince,1re Section Turgeau,Morne à Tuf,hti:da75c14c
224,incident,18.53722954,-72.35466003,2026-03-01,0,3,0,0,FALSE,3 explosive drones in Village de Dieu,3 drones explosifs à Village de Dieu,PNH officers deployed at least three explosive drones against the GCO base 5 Segonn.,Des agents de la PNH ont déployé au moins trois drones explosifs contre la base du GCO 5 Segonn.,,,,,,,Ouest,Port-au-Prince,3e Section Martissant,Village de Dieu,hti:f89cda40
225,incident,18.53632164,-72.34655762,2026-03-02,0,2,0,0,FALSE,2 explosive drones in Morne à Tuf,2 drones explosifs à Morne à Tuf,PNH officers launched at least two explosive drones against members of GCO 5 Segonn and Grand Ravin.,Des agents de la PNH ont lancé au moins deux drones explosifs contre les membres du GCO 5 Segonn et Grand Ravin.,,,,,,,Ouest,Port-au-Prince,1re Section Turgeau,Morne à Tuf,hti:50427357
226,incident,18.53722954,-72.35466003,2026-03-02,0,5,0,0,FALSE,5 explosive drones in Village de Dieu,5 drones explosifs à Village de Dieu,"PNH officers deployed at least five explosive drones, ciblant the members of GCO 5 Segonn.","Des agents de la PNH ont déployé au moins cinq drones explosifs, ciblant les membres du GCO 5 Segonn.",,,,,,,Ouest,Port-au-Prince,3e Section Martissant,Village de Dieu,hti:6fde0f36
227,incident,18.5348587,-72.34534454,2026-03-05,0,1,0,0,FALSE,1 explosive drone in Morne à Tuf,1 drone explosif à Morne à Tuf,PNH officers deployed at least a explosive drone against members of GCO 5 Segonn.,Des agents de la PNH ont déployé au moins un drone explosif contre des membres du GCO 5 Segonn.,,,,,,,Ouest,Port-au-Prince,1re Section Turgeau,Morne à Tuf,hti:693b4bbc
228,incident,18.52736855,-72.35704803,2026-03-06,0,1,0,0,FALSE,1 explosive drone in Martissant,1 drone explosif à Martissant,Members of the security forces launched at least a explosive drone towards members of GCO Gran Ravin during a party they had organised Gunfire was heard in the neighbourhood after the explosion.,Des membres des forces de l'ordre ont lancé au moins un drone explosif en direction des membres du GCO Gran Ravin à l'occasion d'une fête qu'ils ont organisée Des tirs ont été entendus dans le quartier après l'explosion.,,,,,,,Ouest,Port-au-Prince,3e Section Martissant,Martissant,hti:85df582e
229,incident,18.54841995,-72.34177399,2026-03-07,0,1,0,0,FALSE,1 explosive drone in Centre-Ville,1 drone explosif à Centre-Ville,Members of the security forces launched at least a explosive drone towards members of GCO Gran Ravin.,Des membres des forces de l'ordre ont lancé au moins un drone explosif en direction des membres du GCO Gran Ravin.,,,,,,,Ouest,Port-au-Prince,1re Section Turgeau,Centre-Ville,hti:4a79ddb2
230,incident,18.53164673,-72.33939362,2026-03-08,0,2,0,0,FALSE,2 explosive drones in Bas Peu De Choses,2 drones explosifs à Bas Peu De Choses,PNH officers launched at least two explosive drones toward of the members of GCO 5 Segonn during an operation.,Des agents de la PNH ont lancé au moins deux drones explosifs en direction des membres du GCO 5 Segonn lors d'une opération.,,,,,,,Ouest,Port-au-Prince,1re Section Turgeau,Bas Peu De Choses,hti:7a245fca
231,incident,18.53722954,-72.35466003,2026-03-08,0,3,0,0,FALSE,3 explosive drones in Village de Dieu,3 drones explosifs à Village de Dieu,PNH officers deployed at least 3 explosive drones against members of GCO 5 Segonn.,Des agents de la PNH ont déployé au moins 3 drones explosifs contre des membres du GCO 5 Segonn.,,,,,,,Ouest,Port-au-Prince,3e Section Martissant,Village de Dieu,hti:dcc781ed
232,incident,18.53021431,-72.33348846,2026-03-09,0,2,0,0,FALSE,2 explosive drones in Pacot,2 drones explosifs à Pacot,PNH officers launched two explosive drones against members of GCO Gran Ravin.,Des agents de la PNH ont lancé deux drones explosifs contre des membres du GCO Gran Ravin.,,,,,,,Ouest,Port-au-Prince,1re Section Turgeau,Pacot,hti:7cb41b75
233,incident,18.52625465,-72.35639191,2026-03-09,0,2,0,0,FALSE,2 explosive drones in Martissant,2 drones explosifs à Martissant,PNH officers deployed at least two explosive drones against members of GCO Gran Ravin.,Des agents de la PNH ont déployé au moins deux drones explosifs contre des membres du GCO Gran Ravin.,,,,,,,Ouest,Port-au-Prince,3e Section Martissant,Martissant,hti:c389bac4
234,incident,18.53580475,-72.33976746,2026-03-11,0,1,0,0,FALSE,1 explosive drone in Centre-Ville,1 drone explosif à Centre-Ville,Members of the security forces launched at least a explosive drone towards members of GCO Gran Ravin who were moving through a public market.,Des membres des forces de l'ordre ont lancé au moins un drone explosif en direction des membres du GCO Gran Ravin qui se déplaçait dans un marché public.,,,,,,,Ouest,Port-au-Prince,1re Section Turgeau,Centre-Ville,hti:68f2ecc7
235,incident,18.53722954,-72.35466003,2026-03-11,0,2,0,0,FALSE,2 explosive drones in Village de Dieu,2 drones explosifs à Village de Dieu,Members of the security forces launched at least two explosive drones toward of the members of GCO 5 Segonn.,Des membres des forces de l'ordre ont lancé au moins deux drones explosifs en direction des membres du GCO 5 Segonn.,,,,,,,Ouest,Port-au-Prince,3e Section Martissant,Village de Dieu,hti:f8a18b83
236,incident,18.52924156,-72.32738495,2026-03-12,0,3,0,0,FALSE,3 explosive drones in Pacot,3 drones explosifs à Pacot,Security forces deployed at least 3 explosive drones against members of GCO Gran Ravin.,Les forces de l'ordre ont déployé au moins 3 drones explosifs contre les membres du GCO Gran Ravin.,,,,,,,Ouest,Port-au-Prince,1re Section Turgeau,Pacot,hti:1891d73f
237,incident,18.53810883,-72.34468079,2026-03-12,26,2,17,9,TRUE,"17 killed, 9 wounded in Centre-Ville","17 tués, 9 blessés à Centre-Ville","PNH officers carried out an operation, launching at least two explosive drones toward of the GCO groups 5 Segonn and Gran Ravin. At least 4 members présumés of GCO woundeds and 3 autres tués. At least 14 members of the civilian population were killed (11 adults and 2 children) and 5 autres woundeds (3 adults and 2 children).",Des agents de la PNH ont mené une opération en lançant au moins deux drones explosifs en direction des GCO 5 Segonn et Gran Ravin. Au moins 4 membres présumés de GCO blessés et 3 autres tués. Au moins 14 membres de la population civile ont été tués (11 adultes et 2 enfants) et 5 autres blessés (3 adultes et 2 enfants).,,,,,,,Ouest,Port-au-Prince,1re Section Turgeau,Centre-Ville,hti:401142af
238,incident,18.53722954,-72.35466003,2026-03-12,0,3,0,0,FALSE,3 explosive drones in Village de Dieu,3 drones explosifs à Village de Dieu,Security forces deployed at least 3 explosive drones against members of GCO Gran Ravin.,Les forces de l'ordre ont déployé au moins 3 drones explosifs contre les membres du GCO Gran Ravin.,,,,,,,Ouest,Port-au-Prince,3e Section Martissant,Village de Dieu,hti:b524efa7
239,incident,18.53100967,-72.34103394,2026-03-13,0,1,0,0,FALSE,1 explosive drone in Centre-Ville,1 drone explosif à Centre-Ville,PNH officers launched at least 1 explosive drone against positions of the members of the GCO groups Gran Ravin.,Des membres de la PNH ont lancé au moins 1 drone explosif contre des positions des membres des GCO Gran Ravin.,,,,,,,Ouest,Port-au-Prince,1re Section Turgeau,Centre-Ville,hti:2559772a
240,incident,18.53741646,-72.3466568,2026-03-13,0,1,0,0,FALSE,1 explosive drone in Centre-Ville,1 drone explosif à Centre-Ville,PNH officers launched at least 1 explosive drone against positions of the members of GCO and 5 Segonn.,Des membres de la PNH ont lancé au moins 1 drone explosif contre des positions des membres du GCO et 5 Segonn.,,,,,,,Ouest,Port-au-Prince,1re Section Turgeau,Centre-Ville,hti:48d86772
241,incident,18.53596115,-72.33975983,2026-03-13,0,3,0,0,FALSE,3 explosive drones in Centre-Ville,3 drones explosifs à Centre-Ville,PNH officers launched at least 3 explosive drones against positions of the members of the GCO groups Gran Ravin and 5 Segonn.,Des membres de la PNH ont lancé au moins 3 drones explosifs contre des positions des membres des GCO Gran Ravin et 5 Segonn.,,,,,,,Ouest,Port-au-Prince,1re Section Turgeau,Centre-Ville,hti:bc0bc64b
242,incident,18.53722954,-72.35466003,2026-03-14,0,1,0,0,FALSE,1 explosive drone in Village de Dieu,1 drone explosif à Village de Dieu,PNH officers launched at least 1 explosive drone against positions of the members of GCO 5 Segonn.,Des membres de la PNH ont lancé au moins 1 drone explosif contre des positions des membres du GCO 5 Segonn.,,,,,,,Ouest,Port-au-Prince,3e Section Martissant,Village de Dieu,hti:e3163bb4
243,incident,18.53637886,-72.34645844,2026-03-18,0,3,0,0,FALSE,3 explosive drones in Portail Leogane,3 drones explosifs à Portail Leogane,PNH officers deployed at least three explosive drones during an operation ciblant the GCO positions 5 Segonn.,Des agents de la PNH ont déployé au moins trois drones explosifs lors d’une opération ciblant les positions du GCO 5 Segonn.,,,,,,,Ouest,Port-au-Prince,3e Section Martissant,Portail Leogane,hti:0edca068
244,incident,18.53230858,-72.34866333,2026-03-19,0,2,0,0,FALSE,2 explosive drones in 2ème Avenue Bolosse,2 drones explosifs à 2ème Avenue Bolosse,PNH officers deployed at least two explosive drones against members of GCO 5 Segonn during an operation.,Des agents de la PNH ont déployé au moins deux drones explosifs contre des membres du GCO 5 Segonn lors d'une opération.,,,,,,,Ouest,Port-au-Prince,3e Section Martissant,2ème Avenue Bolosse,hti:4b8dff01
245,incident,18.54841995,-72.34177399,2026-03-21,0,1,0,0,FALSE,1 explosive drone in Centre-Ville,1 drone explosif à Centre-Ville,PNH officers deployed at least a explosive drone during an operation against GCO positions 5 Segonn.,Des agents de la PNH ont déployé au moins un drone explosif lors d'une opération contre les positions du GCO 5 Segonn.,,,,,,,Ouest,Port-au-Prince,1re Section Turgeau,Centre-Ville,hti:a3ead20c
246,incident,18.53576851,-72.340065,2026-03-24,0,1,0,0,FALSE,1 explosive drone in Bas Peu De Choses,1 drone explosif à Bas Peu De Choses,Members of the security forces launched an operation against of the members of GCO Ravin. At least a explosive drone was used during the operation.,Des membres des forces de l'ordre ont lancé une opération contre des membres du GCO Ravin. Au moins un drone explosif a été utilisé au cours de l'opération.,,,,,,,Ouest,Port-au-Prince,1re Section Turgeau,Bas Peu De Choses,hti:296e512b
247,incident,18.52924156,-72.32738495,2026-03-24,0,1,0,0,FALSE,1 explosive drone in Pacot,1 drone explosif à Pacot,Members of the security forces launched at least a explosive drone towards members of GCO Gran Ravin.,Des membres des forces de l'ordre ont lancé au moins un drone explosif en direction des membres du GCO Gran Ravin.,,,,,,,Ouest,Port-au-Prince,1re Section Turgeau,Pacot,hti:5f2ce69b
248,incident,18.52924156,-72.32738495,2026-03-25,0,1,0,0,FALSE,1 explosive drone in Pacot,1 drone explosif à Pacot,Members of the security forces deployed at least a explosive drone towards members of GCO Gran Ravin en early evening.,Des membres des forces de l'ordre ont déployé au moins un drone explosif en direction des membres du GCO Gran Ravin en début de soirée.,,,,,,,Ouest,Port-au-Prince,1re Section Turgeau,Pacot,hti:b1529b3f
249,incident,18.52924156,-72.32738495,2026-03-25,0,1,0,0,FALSE,1 explosive drone in Pacot,1 drone explosif à Pacot,Members of the security forces used at least a explosive drone towards members of GCO Gran Ravin.,Des membres des forces de l'ordre ont utilisé au moins un drone explosif en direction des membres du GCO Gran Ravin.,,,,,,,Ouest,Port-au-Prince,1re Section Turgeau,Pacot,hti:f9259b13
250,incident,18.67728043,-72.27428436,2026-03-29,0,2,0,0,FALSE,2 explosive drones in Canaan,2 drones explosifs à Canaan,Members of the security forces launched at least two explosive drones toward of the résidence of the chef of GCO Canaan.,Des membres des forces de l'ordre ont lancé au moins deux drones explosifs en direction de la résidence du chef du GCO Canaan.,,,,,,,Ouest,Croix-Des-Bouquets,9e Section des Crochus,Canaan,hti:323ac18a
251,incident,18.54841995,-72.34177399,2026-03-29,0,2,0,0,FALSE,2 explosive drones in Centre-Ville,2 drones explosifs à Centre-Ville,Members of the security forces used at least two explosive drones toward of the members of GCO 5 Segonn.,Des membres des forces de l'ordre ont utilisé au moins deux drones explosifs en direction des membres du GCO 5 Segonn.,,,,,,,Ouest,Port-au-Prince,1re Section Turgeau,Centre-Ville,hti:e75a57fe
252,incident,18.53580284,-72.34667206,2026-04-01,0,2,0,0,FALSE,2 explosive drones in Portail Leogane,2 drones explosifs à Portail Leogane,PNH officers deployed at least two explosive drones against GCO positions 5 Segonn during an operation menée on Route Nationale 2.,Des agents de la PNH ont déployé au moins deux drones explosifs contre les positions du GCO 5 Segonn lors d’une opération menée sur la RN2.,,,,,,,Ouest,Port-au-Prince,3e Section Martissant,Portail Leogane,hti:edd6f11b
253,incident,18.53575897,-72.33976746,2026-04-02,0,1,0,0,FALSE,1 explosive drone in Morne à Tuf,1 drone explosif à Morne à Tuf,PNH officers launched at least a explosive drone against members of GCO 5 Segonn during an operation.,Des agents de la PNH ont lancé au moins un drone explosif contre des membres du GCO 5 Segonn lors d'une opération.,,,,,,,Ouest,Port-au-Prince,1re Section Turgeau,Morne à Tuf,hti:cc425def
254,incident,18.54871368,-72.34347534,2026-04-04,0,2,0,0,FALSE,2 explosive drones in Centre-Ville,2 drones explosifs à Centre-Ville,PNH officers launched at least two drones during an operation against GCO positions 5 Segonn.,Des agents de la PNH ont lancé au moins deux drones lors d'une opération contre les positions du GCO 5 Segonn.,,,,,,,Ouest,Port-au-Prince,1re Section Turgeau,Centre-Ville,hti:6aac67a5
255,incident,19.15326309,-72.53721619,2026-04-06,2,5,1,1,TRUE,"1 killed, 1 wounded in Savien","1 tué, 1 blessé à Savien",PNH officers launched at least five drones against the base and the résidence of GCO Gran Grif during an intervention. At least a member of GCO was killed and another seriously wounded. The residence of the GCO leader was partially damaged and his vehicle destroyed.,Des agents de la PNH ont lancé au moins cinq drones contre la base et la résidence du GCO Gran Grif lors d'une intervention. Au moins un membre du GCO a été tué et un autre gravement blessé. La résidence du Chef du GCO a été partiellement endommagée et son véhicule détruit.,,,,,,,Artibonite,Petite Rivière de l'Artibonite,1re Section Bas Coursin I,Savien,hti:2ee368c9
256,incident,18.53636169,-72.34591675,2026-04-08,0,2,0,0,FALSE,2 explosive drones in Morne à Tuf,2 drones explosifs à Morne à Tuf,"PNH officers deployed at least two explosive drones toward of the members of GCO 5 Segonn, alors que the latter tentaient d’installer of the barricades on certains roads.","Des agents de la PNH ont déployé au moins deux drones explosifs en direction des membres du GCO 5 Segonn, alors que ces derniers tentaient d’installer des barricades sur certains axes routiers.",,,,,,,Ouest,Port-au-Prince,1re Section Turgeau,Morne à Tuf,hti:236c6f1b
257,incident,18.52420616,-72.34041595,2026-04-09,0,1,0,0,FALSE,1 explosive drone in Carrefour-Feuilles,1 drone explosif à Carrefour-Feuilles,"Security-force officers launched at least a explosive drone towards members of GCO Gran Ravin, while no gunfire was heard in the area.","Des agents des forces de l’ordre ont lancé au moins un drone explosif en direction des membres du GCO Gran Ravin, alors qu’aucun tir n’a été entendu dans la zone.",,,,,,,Ouest,Port-au-Prince,1re Section Turgeau,Carrefour-Feuilles,hti:65ce12d9
258,incident,18.53175735,-72.3397522,2026-04-14,0,2,0,0,FALSE,2 explosive drones in Pacot,2 drones explosifs à Pacot,PNH officers launched two explosive drones toward of the members of GCO Gran Ravin.,Des agents de la PNH ont lancé deux drones explosifs en direction des membres du GCO Gran Ravin.,,,,,,,Ouest,Port-au-Prince,1re Section Turgeau,Pacot,hti:1b3f0efc
259,incident,18.53573799,-72.33977509,2026-04-16,0,1,0,0,FALSE,1 explosive drone in Bas Peu De Choses,1 drone explosif à Bas Peu De Choses,PNH officers launched at least a explosive drone against positions of the members of GCO 5 Segonn during an operation.,Des agents de la PNH ont lancé au moins un drone explosif contre les positions des membres du GCO 5 Segonn lors d'une opération.,,,,,,,Ouest,Port-au-Prince,1re Section Turgeau,Bas Peu De Choses,hti:f4033988
260,incident,18.53206062,-72.34088135,2026-04-19,0,3,0,0,FALSE,3 explosive drones in Bas Peu De Choses,3 drones explosifs à Bas Peu De Choses,Members of the defence and security forces launched at least three explosive drones toward of the members of GCO Gran Ravin during an operation. The tirs d’affrontements have duré at least about thirty minutes.,Des membres des forces de défense et de sécurité ont lancé au moins trois drones explosifs en direction des membres du GCO Gran Ravin au cours d'une opération. Les tirs d’affrontements ont duré au moins une trentaine de minutes.,,,,,,,Ouest,Port-au-Prince,1re Section Turgeau,Bas Peu De Choses,hti:66486cbf
261,incident,18.53581619,-72.34695435,2026-04-19,0,2,0,0,FALSE,2 explosive drones in Portail Leogane,2 drones explosifs à Portail Leogane,Members of the defence and security forces launched at least two explosive drones toward of the members of GCO 5 Segonn.,Des membres des forces de défense et de sécurité ont lancé au moins deux drones explosifs en direction des membres du GCO 5 Segonn.,,,,,,,Ouest,Port-au-Prince,3e Section Martissant,Portail Leogane,hti:d5939fd0
262,incident,18.5367012,-72.34643555,2026-04-20,0,2,0,0,FALSE,2 explosive drones in Port-au-Prince,2 drones explosifs à Port-au-Prince,Members of the defence and security forces launched at least two explosive drones toward of the members of GCO 5 Segonn.,Des membres des forces de défense et de sécurité ont lancé au moins deux drones explosifs en direction des membres du GCO 5 Segonn.,,,,,,,Ouest,Port-au-Prince,1re Section Turgeau,Port-au-Prince,hti:4d85f6cb
263,incident,18.53728676,-72.34643555,2026-04-21,0,2,0,0,FALSE,2 explosive drones in Portail Leogane,2 drones explosifs à Portail Leogane,Members of the defence and security forces launched at least two explosive drones towards of the members of GCO 5 Segonn. Of the exchanges of fire have duré quelques minutes.,Des membres des forces de défense et de sécurité ont lancé au moins deux drones explosifs en directions des membres du GCO 5 Segonn. Des échanges de tirs ont duré quelques minutes.,,,,,,,Ouest,Port-au-Prince,3e Section Martissant,Portail Leogane,hti:14be1a77
264,incident,18.5309124,-72.34104919,2026-04-21,0,2,0,0,FALSE,2 explosive drones in Bas Peu De Choses,2 drones explosifs à Bas Peu De Choses,Members of the defence and security forces launched at least two explosive drones toward of the members of GCO 5 Segonn.,Des membres des forces de défense et de sécurité ont lancé au moins deux drones explosifs en direction des membres du GCO 5 Segonn.,,,,,,,Ouest,Port-au-Prince,1re Section Turgeau,Bas Peu De Choses,hti:92ccac57
265,incident,18.53846359,-72.34227753,2026-04-22,0,3,0,0,FALSE,3 explosive drones in Centre-Ville,3 drones explosifs à Centre-Ville,Members of the defence and security forces launched at least three drones explosif towards members of GCO 5 segonn.,Des membres des forces de défense et de sécurité ont lancé au moins trois drones explosif en direction des membres du GCO 5 segonn.,,,,,,,Ouest,Port-au-Prince,1re Section Turgeau,Centre-Ville,hti:e67457f6
266,incident,18.53350449,-72.3385849,2026-04-26,0,2,0,0,FALSE,2 explosive drones in Bas Peu De Choses,2 drones explosifs à Bas Peu De Choses,Members of the defence and security forces launched at least two explosive drones against members of GCO 5 Segonn during an operation.,Des membres des forces de défense et de sécurité ont lancé au moins deux drones explosifs contre des membres du GCO 5 Segonn lors d'une opération.,,,,,,,Ouest,Port-au-Prince,1re Section Turgeau,Bas Peu De Choses,hti:d72ac2f2
267,incident,18.53363419,-72.3560257,2026-04-27,0,1,0,0,FALSE,1 explosive drone in Martissant,1 drone explosif à Martissant,Members of the defence and security forces launched at least a explosive drone against members of GCO Gran Ravin during an operation.,Des membres des forces de défense et de sécurité ont lancé au moins un drone explosif contre des membres du GCO Gran Ravin lors d'une opération.,,,,,,,Ouest,Port-au-Prince,3e Section Martissant,Martissant,hti:123299d9
268,incident,18.53739738,-72.3449173,2026-04-27,0,1,0,0,FALSE,1 explosive drone in Centre-Ville,1 drone explosif à Centre-Ville,Members of the defence and security forces launched at least a explosive drone against members of GCO Gran Ravin during an operation.,Des membres des forces de défense et de sécurité ont lancé au moins un drone explosif contre des membres du GCO Gran Ravin lors d'une opération.,,,,,,,Ouest,Port-au-Prince,1re Section Turgeau,Centre-Ville,hti:9947c799
269,incident,18.53696251,-72.33623505,2026-04-30,0,1,0,0,FALSE,1 explosive drone in Centre-Ville,1 drone explosif à Centre-Ville,Defence and security force officers launched at least a explosive drone against GCO positions 5 Segonn.,Des agents des forces de défense et de sécurité ont lancé au moins un drone explosif contre les positions du GCO 5 Segonn.,,,,,,,Ouest,Port-au-Prince,1re Section Turgeau,Centre-Ville,hti:2b3c4e8e
270,incident,18.53927994,-72.34205627,2026-05-02,0,1,0,0,FALSE,1 explosive drone in Morne à Tuf,1 drone explosif à Morne à Tuf,Members of the defence and security forces deployed at least a explosive drone against GCO positions 5 Segonn.,Des membres des forces de défense et sécurité ont déployé au moins un drone explosif contre les positions du GCO 5 Segonn.,,,,,,,Ouest,Port-au-Prince,1re Section Turgeau,Morne à Tuf,hti:05e9c45a
271,incident,18.53637695,-72.34653473,2026-05-04,0,1,0,0,FALSE,1 explosive drone in Portail Leogane,1 drone explosif à Portail Leogane,Defence and security forces launched at least a explosive drone against positions of the members of GCO 5 Segonn during an operation.,Les forces de défense et de sécurité ont lancé au moins un drone explosif contre les positions des membres du GCO 5 Segonn lors d’une opération.,,,,,,,Ouest,Port-au-Prince,3e Section Martissant,Portail Leogane,hti:0c346883
272,incident,18.53722954,-72.35466003,2026-05-04,5,8,3,2,TRUE,"3 killed, 2 wounded in Village de Dieu","3 tués, 2 blessés à Village de Dieu","Defence and security forces deployed at least eight explosive drones toward of the positions tenues by the members of GCO 5 Segonn, as part of an operation visant leur base. L’intervention a killed at least three hommes and wounded two others parmi the civilian population.","Les forces de défense et de sécurité ont déployé au moins huit drones explosifs en direction des positions tenues par les membres du GCO 5 Segonn, dans le cadre d’une opération visant leur base. L’intervention a entraîné la mort d’au moins trois hommes et blessé deux autres parmi la population civile.",,,,,,,Ouest,Port-au-Prince,3e Section Martissant,Village de Dieu,hti:29378e8f
273,incident,18.52916145,-72.34677124,2026-05-05,2,1,2,0,TRUE,2 killed in Fouchard,2 tués à Fouchard,Defence and security forces deployed at least a explosive drone towards members of GCO Gran Ravin. L’explosion a fait at least two morts among them.,Des forces de défense et de sécurité ont déployé au moins un drone explosif en direction des membres du GCO Gran Ravin. L’explosion a fait au moins deux morts parmi eux.,,,,,,,Ouest,Port-au-Prince,1re Section Turgeau,Fouchard,hti:85ddc072
274,incident,18.53581619,-72.34695435,2026-05-05,0,2,0,0,FALSE,2 explosive drones in Portail Leogane,2 drones explosifs à Portail Leogane,Defence and security forces launched at least two explosive drones against positions of the members of GCO 5 Segonn.,Des forces de défense et de sécurité ont lancé au moins deux drones explosifs contre les positions des membres du GCO 5 Segonn.,,,,,,,Ouest,Port-au-Prince,3e Section Martissant,Portail Leogane,hti:eb738d9f
275,incident,19.18319511,-72.55220032,2026-05-06,0,1,0,0,FALSE,1 explosive drone in Jean Denis,1 drone explosif à Jean Denis,Defence and security forces launched a explosive drone against members of GCO Gran Grif.,Des forces de défense et de sécurité ont lancé un drone explosif contre les membres du GCO Gran Grif.,,,,,,,Artibonite,Petite Rivière de l'Artibonite,1re Section Bas Coursin I,Jean Denis,hti:1641a6f5
276,incident,19.15326309,-72.53721619,2026-05-06,0,1,0,0,FALSE,1 explosive drone in Savien,1 drone explosif à Savien,Defence and security forces launched a explosive drone against members of GCO Gran Grif.,Des forces de défense et de sécurité ont lancé un drone explosif contre les membres du GCO Gran Grif.,,,,,,,Artibonite,Petite Rivière de l'Artibonite,1re Section Bas Coursin I,Savien,hti:7c1161a8
277,incident,18.52882767,-72.34868622,2026-05-06,0,2,0,0,FALSE,2 explosive drones in 2ème Avenue Bolosse,2 drones explosifs à 2ème Avenue Bolosse,Defence and security forces deployed at least two explosive drones against members of GCO Gran Ravin during an operation.,Des forces de défense et de sécurité ont déployé au moins deux drones explosifs contre des membres du GCO Gran Ravin lors d'une opération.,,,,,,,Ouest,Port-au-Prince,3e Section Martissant,2ème Avenue Bolosse,hti:f7a50d9f
278,incident,19.17676163,-72.55314636,2026-05-07,0,1,0,0,FALSE,1 explosive drone in Legriel,1 drone explosif à Legriel,Defence and security forces launched a explosive drone against members of GCO Gran Grif.,Des forces de défense et de sécurité ont lancé un drone explosif contre les membres du GCO Gran Grif.,,,,,,,Artibonite,Petite Rivière de l'Artibonite,1re Section Bas Coursin I,Legriel,hti:8d13ed9e
279,incident,19.18319511,-72.55220032,2026-05-07,0,1,0,0,FALSE,1 explosive drone in Jean Denis,1 drone explosif à Jean Denis,Defence and security forces launched a explosive drone against members of GCO Gran Grif.,Des forces de défense et de sécurité ont lancé un drone explosif contre les membres du GCO Gran Grif.,,,,,,,Artibonite,Petite Rivière de l'Artibonite,1re Section Bas Coursin I,Jean Denis,hti:d2785b84
280,incident,19.18319511,-72.55220032,2026-05-07,0,1,0,0,FALSE,1 explosive drone in Jean Denis,1 drone explosif à Jean Denis,Defence and security forces launched a explosive drone against members of GCO Gran Grif.,Des forces de défense et de sécurité ont lancé un drone explosif contre les membres du GCO Gran Grif.,,,,,,,Artibonite,Petite Rivière de l'Artibonite,1re Section Bas Coursin I,Jean Denis,hti:fbbc0308
281,incident,18.53722954,-72.35466003,2026-05-09,0,6,0,0,FALSE,6 explosive drones in Village de Dieu,6 drones explosifs à Village de Dieu,Defence and security forces launched at least six explosive drones toward of the members of GCO 5 Segonn during an operation.,Des forces de défense et de sécurité ont lancé au moins six drones explosifs en direction des membres du GCO 5 Segonn lors d’une opération.,,,,,,,Ouest,Port-au-Prince,3e Section Martissant,Village de Dieu,hti:61e01b64
282,incident,18.53581619,-72.34695435,2026-05-09,0,2,0,0,FALSE,2 explosive drones in Portail Leogane,2 drones explosifs à Portail Leogane,Defence and security forces deployed at least two explosive drones against positions of the members of GCO 5 Segonn during an operation.,Des forces de défense et de sécurité ont déployé au moins deux drones explosifs contre les positions des membres du GCO 5 Segonn lors d’une opération.,,,,,,,Ouest,Port-au-Prince,3e Section Martissant,Portail Leogane,hti:ca894439
283,incident,19.33572197,-72.58410645,2026-05-13,0,1,0,0,FALSE,1 explosive drone in Mapou,1 drone explosif à Mapou,"Defence and security forces carried out an operation in the GCO base 5 étoiles, an ally of Kokorat san Ras. At least a drone was launched.","Des forces de défense et de sécurité ont mené une opération dans la base du GCO 5 étoiles, allié de Kokorat san Ras. Au moins un drone a été lancé.",,,,,,,Artibonite,L'Estère,1re Section La Croix Perisse,Mapou,hti:3df67de0
284,incident,19.33749199,-72.58908081,2026-05-13,0,5,0,0,FALSE,5 explosive drones in Johanisse,5 drones explosifs à Johanisse,Defence and security forces carried out an operation in the GCO base Kokorat San Ras. At least five drones have already been launched. Of the armoured vehicles thus qu'a helicopter were also used during the operation.,Des forces de défense et de sécurité ont mené une opération dans la base du GCO Kokorat San Ras. Au moins cinq drones ont déjà été lancés. Des véhicules blindés ainsi qu'un hélicoptère ont été aussi utilisés au cours de l'opération.,,,,,,,Artibonite,L'Estère,2e Section Petite Desdunes,Johanisse,hti:f26c597b
285,incident,18.53722954,-72.35466003,2026-05-14,0,3,0,0,FALSE,3 explosive drones in Village de Dieu,3 drones explosifs à Village de Dieu,Defence and security forces opened fire before launching at least three explosive drones against GCO positions 5 Segonn.,Les forces de défense et de sécurité ont ouvert le feu avant de lancer au moins trois drones explosifs contre les positions du GCO 5 Segonn.,,,,,,,Ouest,Port-au-Prince,3e Section Martissant,Village de Dieu,hti:6afdf0ed
286,incident,19.33749199,-72.58908081,2026-05-14,0,3,0,0,FALSE,3 explosive drones in Johanisse,3 drones explosifs à Johanisse,Defence and security forces carried out an operation in the GCO base of Kokorat san Ras. At least three drones were launched.,Des forces de défense et de sécurité ont mené une opération dans la base du GCO de Kokorat san Ras. Au moins trois drones ont été lancés.,,,,,,,Artibonite,L'Estère,2e Section Petite Desdunes,Johanisse,hti:d145e59d
287,event,,,2025-05-18,,,,,,Haitian Flag and University Day,Fête du Drapeau et de l’Université,Haiti commemorates the creation of its flag and the role of universities in national life. Official celebrations in 2025 were held in Cap-Haïtien.,Haïti commémore la création de son drapeau et le rôle des universités dans la vie nationale. Les célébrations officielles de 2025 se sont tenues au Cap-Haïtien.,https://communication.gouv.ht/communiques/le-premier-ministre-participe-au-te-deum-solennel-du-18-mai-au-cap-haitien-et-appelle-a-lunite-nationale-autour-des-grandes-priorites-republicaines/,,,,,,,,,,hti:event-2025-05-18-flag-day
288,event,,,2025-08-19,,,,,,World Humanitarian Day,Journée mondiale de l’aide humanitaire,World Humanitarian Day honours humanitarian workers and calls for the protection of civilians and aid personnel. It is observed each year on 19 August.,La Journée mondiale de l’aide humanitaire rend hommage aux travailleurs humanitaires et appelle à protéger les civils et le personnel humanitaire. Elle est célébrée chaque année le 19 août.,https://www.un.org/en/observances/humanitarian-day,,,,,,,,,,hti:event-2025-08-19-humanitarian-day
289,event,,,2025-10-17,,,,,,Dessalines commemoration,Commémoration de Dessalines,"Haiti commemorates Jean-Jacques Dessalines, founder of the nation, on the anniversary of his assassination in 1806.","Haïti commémore Jean-Jacques Dessalines, Père fondateur de la Nation, à l’anniversaire de son assassinat en 1806.",https://communication.gouv.ht/communiques/commemoration-du-219e-anniversaire-de-lassassinat-de-lempereur-jean-jacques-dessalines-pere-de-la-nation/,,,,,,,,,,hti:event-2025-10-17-dessalines
290,event,,,2026-01-01,,,,,,Haitian Independence Day,Fête de l’Indépendance d’Haïti,"Haiti marks 222 years since independence was proclaimed in 1804, establishing the world’s first independent Black republic.","Haïti célèbre les 222 ans de la proclamation de son indépendance en 1804, qui en a fait la première république noire indépendante au monde.",https://communication.gouv.ht/communiques/commemoration-des-222-ans-de-lindependance-dhaiti/,,,,,,,,,,hti:event-2026-01-01-independence
291,event,,,2026-01-12,,,,,,2010 earthquake remembrance,Commémoration du séisme de 2010,Haiti remembers the victims of the 12 January 2010 earthquake. The date is observed as a national day of commemoration and reflection.,Haïti rend hommage aux victimes du séisme du 12 janvier 2010. Cette date est observée comme une journée nationale de commémoration et de réflexion.,https://communication.gouv.ht/in/le-samedi-12-janvier-2019-declare-journee-de-commemoration-et-de-reflexion-a-la-memoire-des-victimes-du-seisme-de-2010/,,,,,,,,,,hti:event-2026-01-12-earthquake-remembrance